10,20,30,40,50,60,70,80,90,100,110,120,130,140,150,160,170,180,190,200,210,220,230,240,250,260,270,280,290,300,310,320,330,340,350,360,370,380,390,400,410,420,430,440,450,460,470,480,490,500,510,520,530,540,550,560,570,580,590,600
0,0,0,0,0,0,0,0,0,0,0,0,0,0,0,0,0,0,0,0,0,0,0,0,0,0,0,0,0,0,0,0,0,0,0,0,0,0,0,0,0,0,0,0,0,0,0,0,0,0,0,0,0,0,0,0,0,0,0,0
0,0,0,0,0,0,0,0,0,0,0,0,0,0,0,0,0,0,0,0,0,0,0,0,0,1,1,0,0,0,0,0,0,0,1,1,0,1,0,0,0,0,0,1,0,0,0,0,2,0,0,0,6,1,0,0,1,0,1,0
0,0,0,0,0,0,0,0,0,0,1,0,0,0,0,1,0,2,0,0,0,1,0,4,0,3,2,1,4,0,3,0,2,0,2,2,3,3,2,0,2,3,0,2,0,0,3,3,7,0,4,5,10,5,2,5,3,1,4,5
0,0,0,0,0,0,0,1,0,0,0,0,0,0,0,0,0,0,0,0,1,0,0,1,0,2,0,3,5,0,1,0,4,0,2,0,3,0,3,0,3,3,0,0,2,0,6,0,9,0,5,6,9,6,1,12,5,0,3,5
0,0,0,0,0,1,0,2,0,0,0,0,0,0,1,0,0,3,0,0,0,0,0,2,1,4,4,2,7,0,3,0,5,0,5,3,5,0,4,2,4,2,3,2,2,2,9,4,13,4,6,7,13,11,5,13,11,5,7,10
0,0,0,0,0,0,0,0,0,0,0,0,0,0,0,0,0,1,0,0,0,0,0,1,1,2,2,3,7,0,0,0,4,0,2,1,3,0,5,1,6,1,3,0,5,1,7,2,13,4,8,7,16,14,7,16,11,7,9,9
0,0,0,0,0,0,0,0,0,0,0,0,0,0,0,0,0,2,0,0,0,0,0,3,2,7,2,2,7,0,2,2,10,0,6,3,4,1,5,2,8,2,4,2,4,1,8,6,14,9,8,8,19,15,10,14,13,8,14,10
0,0,0,0,0,0,0,0,0,0,0,1,0,0,0,0,0,0,0,1,0,0,0,2,3,6,3,2,5,0,1,1,7,1,5,1,2,0,4,2,11,3,2,0,4,3,7,6,13,9,9,13,19,14,10,15,16,6,13,14
0,0,0,0,0,0,0,0,0,0,0,0,0,0,0,0,0,0,0,0,0,0,0,3,3,11,2,3,9,0,3,1,7,0,8,7,5,2,3,2,11,3,3,1,4,3,8,7,17,15,10,15,24,18,12,15,19,10,17,17
0,0,0,0,0,0,0,0,0,0,0,0,0,0,0,0,0,0,0,0,0,1,0,0,1,9,1,3,7,0,1,0,4,2,8,5,2,2,2,0,12,5,1,2,4,5,8,5,17,13,12,15,23,16,10,19,20,12,16,18
0,0,0,0,0,0,0,0,0,0,0,0,0,0,0,0,0,0,1,0,1,3,0,3,2,10,2,3,7,1,1,0,6,2,11,6,6,3,4,2,10,6,5,4,3,5,9,6,24,15,10,18,28,18,14,21,27,17,17,22
0,0,0,0,0,0,0,0,0,0,0,0,0,0,0,0,0,0,1,0,4,2,0,1,0,7,2,2,7,0,1,0,5,5,12,7,4,1,5,4,11,11,3,2,5,7,10,7,24,14,15,19,26,20,14,21,30,15,19,27
0,0,0,0,0,0,0,0,0,0,0,0,0,0,0,0,0,0,0,0,3,0,0,4,0,9,4,1,7,0,2,1,8,6,16,9,6,1,10,7,12,13,5,3,5,5,11,11,29,16,14,24,27,23,19,20,34,17,27,29
0,0,0,0,0,0,0,0,0,0,0,0,0,0,0,0,0,0,0,0,3,0,0,4,0,9,3,0,6,0,2,0,8,6,15,6,4,3,11,5,12,12,5,3,7,8,10,8,27,14,15,24,26,24,19,23,34,17,26,27
0,0,0,0,0,0,0,0,0,0,0,0,0,0,0,0,0,1,0,0,2,0,0,7,0,10,3,0,7,1,4,0,10,4,16,7,6,4,12,5,12,16,7,6,10,7,12,8,30,15,14,26,27,29,21,23,41,20,29,29
0,0,0,0,0,0,0,0,0,0,0,0,0,0,0,0,0,0,0,0,2,0,1,5,0,7,2,0,5,2,2,0,7,5,17,6,8,6,10,5,14,15,6,10,11,7,9,8,29,15,15,25,25,32,24,25,41,18,29,29
0,0,0,0,0,0,0,1,0,0,0,0,0,0,0,0,0,1,0,1,1,1,0,7,0,10,7,0,6,1,3,0,10,5,18,9,11,6,11,8,13,16,7,14,11,7,11,11,31,17,15,29,26,36,31,28,45,24,30,36
0,0,0,0,0,0,0,0,0,0,0,0,0,0,0,0,0,0,0,0,3,2,0,4,0,7,6,0,4,2,6,0,7,8,16,7,10,6,10,9,13,14,7,13,12,12,11,10,31,18,18,30,24,36,31,29,43,25,29,34
0,0,0,0,0,0,0,0,0,0,0,0,0,0,0,0,0,0,0,0,0,3,0,5,1,8,6,0,7,1,7,2,7,9,18,10,14,8,9,9,11,16,8,13,13,14,15,10,33,19,18,32,28,42,37,28,46,27,31,36
0,0,0,0,0,0,0,0,0,0,0,0,0,0,0,2,0,0,0,0,0,5,0,3,1,10,5,0,4,1,7,4,7,11,18,12,14,9,11,10,13,19,7,14,12,17,16,9,33,18,18,31,28,45,38,32,46,27,32,38
0,0,0,0,0,0,0,0,0,0,0,0,0,0,0,4,0,0,0,0,0,5,0,3,0,12,5,0,4,0,8,1,9,14,18,15,16,12,12,12,12,22,7,16,17,16,19,11,35,22,23,33,29,46,39,32,47,31,34,40
0,0,0,0,0,0,0,0,0,0,0,0,0,0,0,3,0,0,0,1,0,5,0,2,0,10,5,0,4,0,7,3,6,17,16,15,14,12,11,12,13,23,6,14,20,19,17,9,33,28,26,32,27,45,37,34,45,30,33,40
0,0,0,0,0,0,0,0,0,0,0,0,0,0,0,3,0,0,0,0,0,3,0,2,0,12,5,1,5,0,9,2,10,15,19,19,18,16,14,15,13,26,5,15,23,19,17,13,35,31,28,34,29,47,39,33,46,35,36,42
0,0,0,0,0,0,0,0,0,0,0,0,0,0,0,3,0,0,0,0,0,2,0,0,0,11,4,0,3,2,9,4,9,15,19,17,18,15,14,18,19,25,4,14,23,19,16,14,35,31,31,35,31,46,39,38,43,37,36,42
0,0,0,0,0,0,0,0,0,0,0,0,0,0,0,2,0,3,0,0,0,0,0,1,0,11,5,0,3,1,10,1,10,16,21,19,22,15,15,17,22,27,9,15,26,19,17,15,38,31,31,37,34,48,40,40,45,37,40,48
0,0,0,0,0,0,0,0,0,0,2,0,0,0,0,2,0,0,0,0,0,0,0,0,0,10,4,0,0,0,8,2,7,17,20,16,20,15,16,17,23,28,9,15,29,19,17,15,42,31,33,36,34,46,42,42,45,39,43,47
0,0,0,0,0,0,0,0,0,0,0,0,0,0,0,2,0,0,0,0,1,0,0,0,0,15,5,0,1,0,13,0,9,16,22,19,24,18,17,17,25,30,10,17,31,18,18,19,46,33,35,38,36,47,44,43,49,40,46,50
0,0,0,0,0,0,0,0,0,0,0,0,0,0,0,0,0,0,0,1,3,0,2,0,0,12,5,0,0,2,13,2,7,17,21,18,21,17,16,19,28,31,11,18,31,18,16,24,44,32,38,41,37,48,42,49,47,43,46,49
0,0,0,0,0,0,0,0,0,0,0,0,0,0,0,0,0,0,0,0,1,1,0,0,0,13,4,0,0,3,16,1,7,15,21,22,23,20,16,20,29,31,12,23,32,18,19,26,45,36,39,44,40,50,42,50,49,46,48,49
0,0,0,0,0,0,0,0,0,0,0,0,0,0,0,0,0,0,0,0,2,2,1,0,3,12,2,0,0,3,15,2,4,15,21,21,23,20,17,23,30,30,10,25,35,17,19,27,42,38,46,42,39,49,41,52,49,45,47,50
0,0,0,0,0,0,0,0,0,0,0,0,0,0,0,0,1,0,0,0,3,2,0,0,2,14,3,0,0,2,15,0,7,13,21,25,26,21,20,24,28,31,12,26,38,15,24,29,48,41,47,44,40,53,44,52,51,51,49,51
0,0,0,0,0,0,0,0,0,0,0,0,0,0,0,0,2,2,0,0,5,3,0,0,3,11,2,0,0,2,13,0,8,15,21,23,25,23,19,23,30,31,11,27,39,16,22,28,46,40,52,43,45,52,45,54,51,54,48,49
0,0,0,0,0,0,0,0,0,0,0,0,0,0,0,0,2,0,0,0,4,2,3,2,1,14,2,1,0,1,13,0,9,13,24,27,28,26,21,22,30,34,11,28,39,17,25,32,54,44,52,48,50,54,45,57,53,57,50,51
0,0,0,0,0,0,0,0,0,0,0,0,0,0,1,0,2,2,0,0,4,3,2,0,1,13,0,1,0,0,11,0,6,13,24,24,26,24,21,23,32,32,12,26,37,22,25,30,52,45,52,49,50,55,45,58,54,56,50,51
0,0,0,0,0,0,0,0,0,0,0,0,0,0,0,0,0,0,0,0,3,3,3,3,0,14,0,3,0,0,14,0,7,12,24,27,27,25,22,23,31,33,16,27,39,22,27,32,52,50,53,56,54,55,51,60,58,62,53,51
0,0,0,0,0,0,0,0,0,0,0,0,0,0,0,0,0,0,0,0,3,4,2,2,0,12,0,0,0,1,13,0,5,12,22,26,25,24,21,25,30,32,19,26,38,23,28,31,54,52,55,57,53,57,49,62,57,59,54,49
0,0,0,0,0,0,0,0,0,0,0,0,0,0,0,0,0,0,0,0,1,1,2,3,0,14,3,2,0,1,16,1,9,13,25,26,26,28,21,24,28,31,20,29,39,23,30,33,56,53,55,59,54,60,51,64,59,61,59,53
0,0,0,0,0,0,0,0,0,0,0,0,0,0,0,0,0,0,0,0,1,2,2,0,0,13,2,0,0,0,14,0,6,13,25,25,25,26,22,22,29,31,23,29,38,24,30,30,56,52,54,59,52,58,54,67,60,59,58,51
0,0,0,0,0,0,0,0,0,0,0,0,0,0,0,0,1,0,0,0,2,0,2,1,2,14,0,0,0,0,15,0,8,12,27,26,25,26,26,22,29,34,23,29,39,25,31,32,58,56,53,62,52,60,56,66,64,62,60,56
0,0,0,0,0,0,0,0,0,0,0,0,0,0,0,1,0,0,0,0,3,2,3,0,0,13,0,0,0,0,12,0,5,11,25,25,23,27,27,23,30,35,24,27,43,28,32,30,60,55,57,61,51,57,58,68,62,63,58,55
0,0,0,0,0,0,0,0,0,1,0,0,0,0,0,3,0,0,2,0,2,0,3,0,1,14,0,1,0,0,13,0,8,10,26,28,23,29,29,25,29,35,24,32,43,31,36,33,62,58,59,62,54,58,59,70,64,66,63,62
0,0,0,0,0,0,0,0,0,1,0,0,0,0,0,2,0,0,2,0,3,3,1,0,0,14,2,0,1,1,10,0,10,11,28,27,20,28,28,25,30,35,28,30,49,31,36,34,61,59,60,63,54,56,57,69,65,64,65,60
0,0,0,0,0,0,0,0,0,0,0,0,0,0,0,2,0,1,1,0,4,3,1,0,1,17,2,1,3,1,13,0,12,11,31,27,23,32,29,26,32,34,29,33,52,31,38,34,62,59,61,63,60,60,60,70,67,65,70,68
0,0,0,0,0,0,0,0,0,0,0,0,0,0,0,2,0,0,1,0,5,3,0,0,0,15,3,2,1,1,14,0,10,13,29,24,21,31,30,26,33,35,29,30,50,30,40,33,62,59,63,64,58,61,60,74,65,66,70,69
0,0,0,0,0,0,0,0,0,0,0,0,0,0,0,3,0,0,2,0,3,1,0,1,2,17,2,3,3,1,17,0,11,14,32,26,21,32,30,26,33,35,29,34,51,29,42,35,66,62,65,66,58,65,60,77,70,67,75,72
0,0,0,0,0,0,0,0,0,0,0,0,0,0,0,1,0,0,1,0,4,2,1,1,2,14,1,4,2,1,17,0,11,14,31,24,20,30,32,27,33,36,31,35,51,29,42,33,65,63,65,65,56,63,58,79,71,64,74,72
0,0,0,0,0,0,0,0,0,0,0,0,0,0,0,1,0,0,1,0,4,0,0,1,4,16,2,4,3,0,18,0,15,15,31,28,23,32,32,30,32,36,32,37,54,28,44,38,67,64,67,66,57,64,60,79,79,66,79,75
0,0,0,0,0,0,0,0,0,0,0,0,0,0,0,0,0,0,0,0,6,2,0,1,2,14,4,5,2,0,17,4,14,15,30,27,23,31,30,29,35,35,32,40,54,31,42,35,67,62,70,65,57,62,59,79,78,66,81,74
0,0,0,0,0,0,0,0,0,0,0,0,0,0,0,0,0,0,3,0,6,2,1,0,3,16,4,4,4,0,18,3,15,16,32,28,23,33,30,29,37,37,33,42,54,31,48,35,71,64,70,72,58,65,63,79,81,67,85,75
0,0,0,0,0,0,0,0,0,0,0,0,0,0,0,0,1,0,2,0,6,3,1,1,2,14,4,3,3,0,19,3,14,16,32,28,22,30,29,30,37,38,35,43,55,33,46,33,69,62,71,69,56,62,64,82,79,65,87,75
0,0,0,0,0,0,0,0,0,0,0,0,0,0,0,1,0,0,1,0,4,2,1,0,2,14,5,1,6,0,20,5,14,17,35,30,25,31,31,33,36,37,35,45,55,32,46,34,71,66,73,70,59,63,65,81,80,67,91,78
0,0,0,0,0,0,0,0,0,0,0,0,0,0,1,0,0,0,0,0,5,2,0,0,1,12,6,2,4,0,18,6,14,19,33,29,24,32,32,32,41,40,37,44,56,33,44,32,69,66,75,71,61,60,67,84,80,65,93,76
0,0,0,0,0,0,0,0,0,0,0,0,0,2,1,0,0,0,1,0,5,0,2,0,2,13,4,2,4,0,19,5,15,22,36,31,24,35,31,33,41,39,38,47,55,32,46,37,72,68,77,72,62,62,69,85,83,68,97,80
0,0,0,0,0,0,0,0,0,0,0,0,0,0,1,0,0,0,3,0,6,0,3,0,2,11,5,2,4,1,16,5,13,21,35,29,22,34,30,34,42,39,39,46,54,32,43,37,73,68,81,71,61,60,70,87,81,67,96,80
0,0,0,0,0,0,0,0,0,0,0,1,0,0,0,0,0,0,2,0,5,1,3,2,3,13,4,2,5,0,17,3,16,20,37,32,24,37,32,35,41,39,41,47,53,34,45,40,75,71,81,73,63,61,73,90,85,68,97,84
0,0,0,0,0,0,0,0,0,0,0,0,0,0,0,1,0,0,1,1,5,0,2,2,2,12,5,1,6,1,18,4,13,19,38,31,24,35,31,34,45,38,42,45,53,35,46,41,74,70,82,73,61,61,74,94,88,69,96,84
0,0,0,0,0,0,0,0,0,0,0,0,0,0,0,0,0,0,1,0,5,0,3,0,2,14,7,2,6,0,20,3,16,18,39,32,26,37,31,34,45,37,43,46,54,36,46,44,77,73,81,74,63,63,76,94,93,69,97,89
0,0,0,0,0,0,0,0,0,0,0,0,0,0,0,0,0,0,1,0,5,0,4,0,2,12,8,3,7,1,18,3,15,19,37,33,24,35,29,32,47,37,46,47,53,38,44,42,76,73,81,75,64,65,73,98,92,66,95,89
0,0,0,0,0,0,0,0,0,0,0,0,0,0,0,0,0,2,0,2,4,0,6,1,2,12,8,3,12,0,21,3,15,21,39,35,26,36,31,33,47,38,46,47,53,36,46,44,77,77,84,77,69,66,75,99,93,69,98,93
0,0,0,0,0,0,0,0,0,0,0,0,0,0,0,0,0,1,0,1,5,0,4,0,1,12,8,4,13,1,19,3,14,20,39,35,24,33,30,35,47,38,45,45,53,40,48,43,76,75,83,76,68,71,76,100,91,67,98,96
0,0,0,0,0,0,0,0,0,0,0,0,0,0,0,0,0,2,0,1,3,0,3,0,0,16,9,4,12,0,21,3,15,20,40,35,27,34,29,36,45,40,46,48,53,39,48,43,78,79,85,76,69,74,78,99,96,71,99,100
0,0,0,0,0,0,0,0,0,0,0,0,0,0,0,0,1,1,0,0,4,1,1,0,0,16,13,5,14,1,20,5,12,21,38,38,26,32,29,35,44,41,49,47,52,40,50,41,79,78,86,76,70,74,77,100,95,73,99,98
0,0,0,0,0,0,0,0,0,0,0,0,0,0,0,0,2,1,0,0,6,1,0,0,0,18,13,3,14,1,25,5,12,20,38,40,28,34,31,36,43,43,51,48,53,41,52,42,81,80,88,79,72,77,80,99,99,77,102,100
0,0,0,0,0,0,0,0,0,0,0,0,0,0,2,0,0,0,0,0,6,0,0,0,0,18,13,2,13,2,23,9,10,20,36,38,27,34,31,37,45,41,50,46,53,41,52,43,79,80,92,79,70,75,79,102,98,78,99,99
0,0,0,0,0,0,2,0,0,0,0,0,1,0,1,0,0,0,0,0,5,0,0,0,0,19,13,1,13,1,23,10,10,18,41,39,29,35,33,39,43,41,50,47,55,40,53,47,81,84,91,81,73,79,83,101,100,82,101,102
0,0,0,0,0,0,0,0,1,0,0,0,0,0,0,0,0,2,0,0,4,0,0,0,0,18,14,1,14,2,21,9,7,19,40,37,27,33,32,38,47,40,48,47,56,39,52,47,80,82,90,81,73,78,82,104,101,83,100,100
0,0,0,0,0,0,0,0,0,0,0,0,0,0,0,0,0,4,0,0,3,0,0,0,0,18,12,0,15,1,23,7,8,19,43,38,29,36,39,43,47,42,52,49,58,38,53,48,82,85,94,82,75,79,85,103,104,88,102,103
0,0,0,0,0,1,0,0,0,0,0,0,0,0,0,0,0,1,0,0,5,0,0,1,0,16,11,1,14,2,22,8,9,18,41,36,29,34,38,45,48,43,54,47,58,38,51,49,81,84,95,82,74,77,86,106,103,86,101,105
0,0,0,0,0,0,0,0,0,0,0,0,0,0,0,0,0,1,0,1,4,0,0,0,1,21,9,1,14,1,26,7,12,17,44,37,30,36,39,46,49,43,53,48,58,38,53,51,82,85,94,85,76,81,90,109,106,87,102,106
0,0,0,0,0,0,0,0,0,0,0,0,0,0,0,0,0,0,0,1,4,0,0,1,1,18,12,1,14,2,23,8,11,17,44,36,30,35,38,47,53,44,52,52,61,41,54,50,81,83,97,84,77,82,91,109,107,86,101,104
0,0,0,0,0,0,0,0,0,0,0,0,0,0,0,0,0,0,0,0,2,0,0,2,0,19,10,3,15,0,23,9,14,16,45,38,33,35,40,48,54,43,54,52,61,43,55,52,83,88,98,84,79,84,93,114,112,88,105,107
0,0,0,0,0,0,0,0,0,0,0,0,0,0,0,0,0,0,0,0,4,0,0,1,1,17,11,1,15,0,23,11,13,15,46,37,33,35,43,46,57,43,53,53,60,42,53,53,85,87,97,87,78,82,94,114,112,87,108,107
0,0,0,0,0,0,0,0,0,0,0,0,0,0,0,0,0,1,0,0,5,0,1,0,1,17,11,1,16,0,23,9,16,15,47,40,35,35,45,48,56,46,53,54,60,45,56,55,90,90,97,89,78,84,97,116,115,91,110,110
0,0,0,0,0,0,0,0,0,0,0,0,0,0,0,0,0,0,0,0,6,0,2,0,0,15,12,1,16,0,20,8,14,16,45,38,35,36,47,48,57,47,55,52,59,45,57,59,90,89,100,89,77,84,94,115,116,89,109,108
0,0,0,0,0,0,0,0,0,0,0,0,0,0,1,0,0,0,1,1,6,0,1,0,0,15,11,1,16,0,24,8,17,14,46,41,37,39,48,48,55,46,56,55,61,46,60,63,94,91,99,94,80,87,98,116,119,90,110,109
0,0,0,0,0,0,0,0,0,0,0,0,0,0,0,0,0,0,0,0,5,0,2,0,0,12,13,0,15,2,25,8,15,17,44,40,36,37,47,47,56,47,56,53,67,45,61,63,92,92,102,92,80,85,96,120,118,92,109,112
0,0,0,0,0,0,0,0,0,0,0,0,0,0,0,0,2,0,1,0,3,0,0,3,0,13,11,0,16,2,28,7,16,17,46,41,40,37,48,51,56,46,56,54,67,44,62,64,93,94,104,94,81,88,99,119,120,95,111,115
0,0,0,0,0,0,0,0,0,0,0,0,0,0,0,0,0,0,0,1,3,0,2,3,0,10,13,0,18,4,25,7,14,19,46,41,38,35,48,51,56,46,57,52,68,44,61,64,90,92,106,94,79,86,97,120,121,92,109,114
0,0,0,0,0,0,0,0,0,0,0,0,0,0,0,1,0,0,0,1,2,0,1,4,0,13,12,1,18,3,27,7,14,18,48,43,39,35,52,54,57,46,60,52,68,44,63,65,90,94,107,96,81,88,99,121,126,94,113,119
0,0,0,0,0,0,0,0,0,0,0,0,0,0,0,0,0,0,0,0,3,0,1,3,0,11,13,1,16,6,26,7,11,19,49,42,37,33,51,54,56,46,60,49,68,46,60,62,89,94,110,100,82,86,97,123,125,96,112,121
0,0,0,0,0,0,0,0,0,0,0,0,0,0,0,1,0,0,0,0,4,0,0,2,0,12,12,1,16,4,29,7,12,17,52,44,37,36,51,58,57,45,62,51,68,49,60,63,93,98,109,102,83,90,101,126,129,99,113,122
0,0,0,0,0,0,0,0,0,0,0,0,0,0,0,0,0,1,0,0,4,0,0,1,0,10,14,0,16,4,26,8,11,18,49,42,35,37,53,57,56,45,64,48,68,54,60,61,93,95,112,104,82,92,99,127,127,98,112,120
0,0,0,0,0,0,0,0,0,0,0,0,0,0,0,0,0,0,0,0,2,0,1,0,0,10,13,1,15,4,26,6,13,17,50,44,36,38,55,58,58,48,65,50,70,53,65,62,93,97,113,106,82,94,100,127,131,99,114,122
0,0,0,0,0,0,0,0,0,0,0,0,0,0,0,0,0,0,0,0,4,0,0,1,1,8,14,0,16,5,24,7,16,19,50,42,34,37,56,57,59,49,63,48,71,56,64,63,92,97,115,107,80,97,100,130,129,98,114,125
0,0,0,0,0,0,0,0,0,0,0,0,0,0,1,0,0,1,0,0,2,1,0,1,2,12,13,1,17,3,29,7,16,20,52,45,35,38,57,58,61,51,69,53,71,57,67,64,93,102,117,109,82,100,104,129,131,98,115,128
0,0,0,0,0,0,0,0,0,0,0,0,0,0,0,0,0,2,1,0,1,2,0,0,3,12,12,2,17,4,28,6,15,23,52,42,35,36,57,59,64,54,69,52,70,58,65,63,92,99,117,107,81,100,105,128,128,99,115,130
0,0,0,0,0,0,0,0,0,0,0,0,0,0,0,0,0,2,2,0,0,1,0,1,4,13,11,1,17,3,31,8,16,24,52,44,37,36,58,60,67,55,70,53,72,56,68,66,95,101,116,110,88,102,111,129,132,100,116,130
0,0,0,0,0,0,0,0,0,0,0,0,0,0,0,0,0,1,0,0,0,0,0,0,3,11,12,0,16,3,29,10,15,26,51,45,35,36,58,60,68,56,70,53,71,56,70,66,94,98,115,110,87,101,111,133,129,103,115,128
0,0,0,0,0,0,0,0,0,0,0,0,0,0,0,0,0,0,0,0,0,0,0,0,4,14,12,0,19,1,29,10,17,24,52,47,38,36,58,61,67,56,71,54,74,56,74,67,98,103,117,110,88,102,114,133,130,105,116,129
0,0,0,0,0,0,0,0,0,0,0,0,0,0,0,1,0,0,0,1,0,0,0,0,6,11,11,0,19,1,27,11,16,26,50,47,38,33,57,60,68,56,69,53,74,57,73,67,95,103,118,107,87,101,114,133,128,104,117,126
0,0,0,0,0,0,0,0,0,0,0,0,0,1,0,1,0,0,0,0,0,0,0,0,7,13,10,0,19,0,28,11,17,26,54,50,41,35,62,60,67,56,69,57,74,58,74,70,97,105,119,109,89,103,115,133,129,104,121,129
0,0,0,0,0,0,0,0,0,0,0,0,0,1,0,0,0,2,0,1,0,0,0,0,6,13,15,0,19,0,26,15,14,28,52,49,39,34,65,60,69,55,71,56,75,59,76,68,95,104,119,109,92,103,117,135,130,104,122,126
0,0,0,0,0,0,0,0,0,0,0,0,0,0,0,0,0,2,1,1,0,2,0,0,7,13,15,2,19,0,32,17,16,30,55,50,40,36,66,62,68,54,73,57,77,58,77,71,98,106,123,110,97,108,120,138,132,105,124,130
0,0,0,0,0,0,0,0,0,0,0,0,0,1,0,0,0,0,0,0,0,2,0,0,5,10,17,3,18,1,30,19,18,30,53,49,38,36,64,63,68,56,76,56,78,61,74,71,98,104,122,109,96,108,120,140,130,105,122,128
0,0,0,0,0,0,0,0,0,1,0,0,0,3,0,0,0,0,0,0,0,0,0,0,5,12,16,2,20,1,31,17,19,30,54,51,39,39,64,62,66,57,75,57,82,63,74,74,103,105,120,110,96,111,124,139,135,110,125,128
0,0,0,0,0,0,0,0,0,1,0,0,0,3,0,0,0,0,0,0,0,0,1,0,4,10,16,5,18,0,28,18,19,31,53,49,39,41,64,62,65,56,76,57,83,64,73,73,103,105,126,109,96,115,124,139,135,109,127,128
0,0,0,0,0,0,0,0,0,0,0,0,0,4,0,0,0,0,0,0,0,0,0,0,4,13,16,7,19,1,28,20,23,30,55,51,41,42,65,62,63,57,77,59,82,64,74,73,106,107,124,111,100,118,126,140,137,110,131,134
0,0,0,0,0,0,0,0,0,0,0,0,0,4,0,0,0,0,0,2,1,0,1,0,4,10,16,6,17,2,27,23,20,31,54,49,40,41,66,60,65,58,77,59,84,68,71,70,105,107,125,111,97,117,125,140,139,108,129,132
0,0,0,0,0,0,0,0,2,0,0,0,0,3,0,0,0,0,0,3,0,1,3,0,5,12,14,7,20,1,29,23,24,31,56,50,45,43,69,60,63,58,78,60,83,67,71,71,107,107,126,113,100,118,128,140,141,113,132,137
0,0,0,0,0,0,0,0,0,0,0,0,0,1,0,0,1,0,0,1,1,1,2,0,5,10,17,7,19,0,30,23,23,31,55,49,43,41,71,58,65,58,80,58,84,69,69,72,104,106,126,113,99,118,127,144,138,113,132,135
0,0,0,0,0,0,0,0,0,0,0,0,2,1,0,0,3,0,1,0,1,0,3,0,5,11,21,7,18,0,31,25,26,33,56,49,44,45,70,59,64,58,80,59,84,69,73,73,107,111,128,118,102,120,129,147,141,115,132,138
0,0,0,0,0,0,0,0,0,0,0,0,2,0,0,0,3,0,1,0,0,0,2,0,6,9,22,8,17,0,28,24,25,34,53,48,42,44,68,58,67,57,83,60,83,70,72,73,106,110,131,115,100,119,127,149,145,114,131,138
0,0,0,0,0,0,0,0,0,0,0,0,2,0,0,0,5,0,0,0,0,0,4,1,6,12,20,8,18,1,29,23,27,33,54,50,43,45,68,58,68,59,85,63,84,68,74,74,109,112,132,117,101,121,127,148,150,118,134,142
0,0,0,0,0,0,0,0,0,0,0,0,0,0,0,1,3,0,0,0,0,0,5,0,4,10,20,8,19,2,28,22,25,33,54,49,45,44,68,60,70,59,84,66,84,69,75,75,109,111,134,115,102,119,125,150,148,118,132,145
0,0,0,0,0,0,0,0,0,0,0,0,0,0,0,1,5,0,0,0,2,0,4,0,6,11,20,8,21,1,31,21,26,32,55,51,47,46,69,62,71,60,85,71,86,70,77,79,110,112,134,116,104,122,127,150,155,120,139,147
0,0,0,0,0,0,0,0,0,0,0,0,0,0,0,1,2,0,0,0,1,0,3,0,4,8,20,11,21,1,32,22,27,33,53,48,46,43,67,60,72,59,86,71,85,70,77,80,108,112,133,116,103,120,126,150,156,119,139,145
0,0,0,0,0,0,0,0,0,0,1,0,0,0,0,0,3,0,0,0,1,0,2,0,4,10,20,10,21,2,33,22,27,32,54,50,48,50,66,62,71,58,86,72,89,71,81,81,111,114,132,117,106,121,128,151,156,120,142,147
0,0,0,0,0,0,0,0,0,0,0,0,0,0,0,0,1,0,0,0,0,0,2,1,2,7,21,10,19,2,30,21,28,31,51,51,45,49,66,62,70,59,85,73,91,75,78,82,112,114,132,115,105,120,128,150,154,119,141,146
0,0,0,0,0,0,0,0,0,0,0,0,0,0,0,0,1,0,0,0,0,0,3,0,3,7,22,11,19,2,34,21,33,30,52,51,49,51,65,61,70,59,86,73,90,73,81,86,112,115,131,115,108,122,129,149,154,122,144,148
0,0,0,0,0,0,0,0,0,0,0,0,0,0,0,3,0,0,1,0,0,0,4,0,2,5,24,12,18,2,33,22,31,29,50,49,47,51,64,60,69,59,86,73,90,73,84,86,110,114,130,112,109,121,128,150,153,120,142,147
0,0,0,0,0,0,0,0,0,0,1,0,0,0,0,0,1,0,1,0,0,0,3,0,3,7,23,12,18,2,33,23,34,27,51,49,49,53,66,62,68,59,87,75,92,73,88,88,114,116,132,115,114,122,130,149,158,122,144,150
0,0,0,0,0,0,0,0,0,0,1,0,0,0,0,1,0,0,2,0,1,0,2,0,1,9,23,12,17,2,31,25,33,30,48,50,50,53,64,64,69,61,89,72,91,74,87,86,114,115,131,113,114,120,130,150,155,122,145,152
0,0,0,0,0,0,0,0,0,0,1,0,0,0,0,0,0,0,1,0,0,0,2,0,2,10,23,12,20,1,33,25,35,30,49,51,50,56,66,65,69,64,88,77,91,74,87,87,116,117,132,115,116,124,134,151,157,123,145,153
0,0,0,0,0,0,0,0,0,0,0,0,0,0,2,0,0,0,2,0,1,0,0,0,2,10,22,12,19,1,32,27,32,32,47,48,49,54,67,63,69,64,88,75,91,75,86,85,117,118,133,112,115,121,132,151,156,124,145,152
0,0,0,0,0,0,0,0,0,0,0,0,0,0,3,0,0,0,1,0,0,0,1,0,2,11,20,12,21,1,34,27,33,33,51,51,52,58,68,63,69,66,89,77,92,76,90,86,119,120,137,116,119,123,133,152,157,130,147,153
0,0,0,0,0,0,0,0,0,0,0,0,0,0,2,0,0,1,1,0,0,0,0,0,0,9,21,13,21,2,34,26,31,32,49,48,49,57,68,64,71,67,87,77,91,78,91,86,119,117,137,118,117,123,135,153,157,130,146,154
0,0,0,0,0,0,0,0,0,0,0,0,0,0,2,0,0,2,0,0,0,0,0,1,0,9,20,12,21,3,36,25,37,30,50,48,52,59,68,65,70,69,90,77,91,78,91,86,120,117,139,119,118,125,137,154,159,133,147,154
0,0,0,0,0,0,0,0,0,0,0,0,0,0,1,0,0,3,0,0,0,0,0,0,0,7,21,12,21,4,33,24,36,32,48,47,50,60,66,64,70,67,91,77,95,80,91,85,119,115,141,119,118,124,137,155,157,135,147,154
0,0,0,0,0,0,0,1,0,0,0,0,0,0,0,0,1,2,0,0,0,0,0,0,0,9,21,11,23,4,33,24,37,32,48,48,51,62,66,65,69,67,92,79,94,82,96,86,122,118,140,124,123,125,138,156,158,137,147,156
0,0,0,0,0,0,0,0,0,0,0,0,0,0,0,0,1,1,0,0,2,0,0,0,0,8,22,11,22,4,32,25,34,33,48,47,50,60,67,63,73,69,91,79,93,84,95,89,121,117,141,123,122,122,136,156,159,136,145,154
0,0,0,0,0,0,0,0,0,0,0,0,0,0,0,0,3,0,0,0,3,0,0,0,0,10,20,12,22,4,33,23,35,32,49,50,55,62,69,64,71,70,90,80,93,84,96,91,125,118,141,123,126,124,137,156,162,139,148,156
0,0,0,0,0,0,0,0,0,0,0,0,0,0,0,0,4,0,0,0,3,0,0,0,1,7,22,13,21,4,33,23,36,31,48,48,53,61,68,64,72,71,92,80,94,84,96,91,126,117,142,123,126,123,135,156,161,138,146,154
0,0,0,0,0,0,0,0,0,0,0,0,0,0,0,0,4,0,0,0,1,0,1,0,0,8,21,11,23,4,35,21,38,31,49,49,54,64,67,65,72,70,91,81,96,85,97,92,128,119,143,123,127,125,138,156,168,145,151,162
0,0,0,0,0,0,0,0,0,0,0,0,0,0,0,0,2,0,0,0,2,0,0,0,0,6,23,13,23,3,34,25,35,32,46,47,52,63,65,65,72,68,90,79,96,86,95,91,126,116,146,121,126,123,139,157,167,142,152,161
0,0,0,0,0,0,0,0,0,0,0,0,0,0,0,0,4,1,0,0,0,0,1,0,1,9,23,11,24,1,34,25,36,31,47,51,53,65,65,64,72,68,91,79,95,84,98,93,128,118,148,125,131,127,143,157,172,143,153,164
0,0,0,0,0,0,0,0,0,0,1,0,1,0,0,0,2,0,0,0,1,0,2,0,1,8,23,11,25,0,32,25,34,34,44,50,53,63,65,65,72,67,90,77,94,86,97,91,126,116,150,125,131,125,141,157,171,141,151,163
0,0,0,0,0,0,0,0,0,0,0,0,0,0,0,0,2,0,0,0,1,0,0,1,0,10,23,10,25,0,33,28,36,36,47,51,56,64,68,65,73,69,92,79,96,86,98,93,128,119,151,127,131,128,143,159,178,142,153,164
0,0,0,0,0,0,0,0,0,0,0,0,0,0,0,0,0,0,0,0,0,0,0,1,0,9,22,12,23,1,32,29,33,36,47,50,54,64,69,67,72,68,91,77,95,87,96,95,130,118,151,125,129,129,142,161,176,142,151,165
0,0,0,0,0,0,0,0,0,0,0,0,0,0,0,0,0,0,0,0,0,0,0,0,0,10,23,11,22,2,32,30,34,36,48,53,59,64,69,67,70,72,90,77,96,88,98,97,133,120,150,126,130,130,146,163,177,144,152,167
0,0,0,0,0,0,0,0,0,0,0,0,0,0,0,0,0,0,0,0,0,0,0,2,0,8,24,11,22,2,29,32,35,39,46,51,59,62,67,66,71,73,92,75,96,89,100,98,135,118,152,127,130,127,146,164,176,144,154,165
0,0,0,0,0,0,0,0,0,0,0,0,0,0,0,0,0,0,0,0,0,0,1,0,1,10,24,9,22,3,30,33,36,43,46,52,61,63,68,66,75,75,92,77,97,88,104,102,138,119,152,128,132,130,148,164,176,144,158,170
0,0,0,0,0,0,0,0,0,1,0,0,0,0,1,0,0,0,0,0,1,1,0,0,0,9,26,12,20,4,29,34,34,42,46,51,58,61,66,68,75,75,91,75,95,88,102,101,136,119,152,127,130,132,149,166,174,141,155,171
0,0,0,0,0,0,0,0,0,1,0,0,0,0,0,0,1,1,0,0,0,0,1,0,0,11,25,11,19,4,29,33,37,40,46,55,59,61,68,70,73,74,92,76,94,89,104,102,140,119,150,130,134,134,152,166,176,143,160,172
0,0,0,0,0,0,0,0,0,0,0,0,0,0,0,0,0,1,0,0,0,2,0,0,0,11,25,11,17,2,31,35,34,40,45,55,59,60,68,69,73,74,90,75,95,90,102,104,140,119,149,134,133,132,150,168,174,141,157,171
0,0,0,0,0,0,0,0,0,1,0,0,0,0,0,0,0,0,0,0,0,1,0,0,0,12,23,11,18,2,31,34,36,42,47,55,60,63,69,69,71,75,91,79,100,88,102,105,141,122,149,135,134,134,152,167,177,144,161,175
0,0,0,0,0,0,0,0,0,0,0,0,0,0,0,0,0,1,0,0,1,2,0,0,0,9,22,11,18,1,28,35,36,45,45,53,57,60,68,69,70,74,90,79,101,89,103,102,138,122,150,134,135,133,152,168,177,143,161,174
0,0,0,0,0,0,0,0,0,0,0,0,0,0,0,0,0,0,0,0,0,2,0,0,0,10,21,10,17,3,31,36,40,45,47,55,59,60,69,70,70,75,90,79,103,88,104,106,138,126,151,136,136,136,154,169,181,145,163,177
0,0,0,0,0,0,0,0,0,0,0,0,0,0,0,1,0,1,0,0,0,1,0,0,0,7,20,11,17,2,30,36,37,44,46,53,61,58,68,70,72,74,90,76,104,87,102,105,136,126,150,135,135,136,153,168,178,147,162,175
0,0,0,0,0,0,0,0,0,0,0,0,0,0,0,1,0,0,0,0,0,1,1,0,0,11,20,11,17,2,30,38,37,44,46,57,62,59,69,71,74,73,92,78,105,86,105,105,137,130,149,139,136,139,155,167,179,149,164,176
0,0,0,0,0,0,0,0,2,0,0,0,0,0,0,0,0,1,0,0,0,3,1,0,0,9,20,12,17,3,31,38,35,46,44,58,61,56,69,70,75,71,91,77,106,89,104,105,138,127,150,139,135,140,156,169,177,148,162,175
0,0,0,0,0,0,0,1,2,0,0,0,0,0,0,1,0,1,0,0,0,3,1,0,0,12,21,11,17,2,33,38,38,45,46,60,63,57,69,73,75,70,93,77,107,87,108,106,142,128,151,141,137,141,156,169,179,150,162,180
0,0,0,0,0,0,0,0,0,0,0,0,0,0,0,0,0,0,0,0,0,3,2,1,0,9,20,10,17,5,31,38,36,45,46,58,62,57,71,72,77,70,93,75,106,89,109,104,144,127,151,140,139,140,155,172,176,149,161,180
0,0,0,0,0,0,0,0,0,0,0,0,0,0,0,1,0,0,0,0,0,3,1,0,0,10,21,10,17,6,32,39,37,44,48,58,64,58,70,71,76,70,95,79,105,89,110,106,144,129,151,143,143,141,157,172,178,152,164,180
0,0,0,0,0,0,0,0,0,0,0,0,0,0,0,0,2,0,0,0,0,1,0,1,0,8,21,9,16,5,29,39,36,45,48,57,61,60,71,75,78,69,95,76,105,92,108,106,143,127,153,141,141,139,155,173,177,152,165,180
0,0,0,0,0,0,0,0,0,0,0,0,0,0,0,0,1,0,0,0,0,0,0,3,0,9,23,7,18,5,32,38,37,46,50,59,62,60,73,75,76,72,94,77,108,95,109,111,145,130,153,145,145,140,156,172,180,155,166,181
0,0,0,0,0,0,0,0,0,0,0,0,0,0,0,0,0,0,0,0,0,0,0,4,0,8,23,7,16,3,31,39,38,46,47,56,59,60,73,73,77,71,96,75,107,97,108,109,142,130,153,142,144,142,154,171,181,157,164,179
0,0,0,0,0,0,0,0,0,0,0,0,0,0,0,3,0,1,0,0,0,0,0,4,0,12,21,6,16,2,31,37,39,47,51,58,62,63,72,72,78,73,99,75,106,97,110,111,143,133,153,143,145,143,158,170,183,158,165,181
0,0,0,0,0,0,0,0,0,0,0,0,0,0,0,1,0,0,0,0,1,1,0,4,0,10,20,5,17,0,30,39,38,46,49,57,60,62,71,70,78,71,97,73,105,97,109,110,140,131,152,141,144,142,158,170,182,158,164,183
0,0,0,0,0,0,0,0,0,0,0,0,0,0,1,0,1,3,0,0,1,0,0,4,1,12,19,4,19,0,31,37,40,49,49,59,60,66,73,70,78,71,97,76,107,97,110,112,141,135,153,145,148,145,159,171,185,162,166,183
0,0,0,0,0,0,0,0,0,0,0,0,0,0,0,0,1,3,0,0,1,2,0,3,0,10,20,4,18,1,32,37,38,49,47,59,59,63,73,70,77,71,96,75,108,99,111,113,141,132,155,146,146,143,161,172,184,161,163,182
0,0,0,0,0,0,0,0,0,0,0,0,0,0,0,0,0,3,0,0,3,0,0,4,0,10,19,3,19,1,33,38,39,48,49,62,61,65,76,71,77,72,100,78,110,100,116,113,146,133,154,149,149,145,161,173,187,164,164,186
0,0,0,0,0,0,0,0,0,0,0,0,0,0,0,0,0,1,0,0,6,0,0,4,1,7,18,3,18,2,35,39,37,48,48,60,61,62,76,70,78,72,98,76,109,99,113,111,149,133,153,152,151,142,162,173,186,162,165,185
0,0,0,0,0,0,0,0,0,0,0,0,0,0,0,0,0,1,0,0,5,0,0,5,0,8,17,4,17,4,36,39,40,47,49,64,62,64,77,70,78,74,100,76,113,98,117,114,152,136,155,154,152,144,163,174,192,162,167,188
0,0,0,0,0,0,0,0,0,0,0,0,0,0,2,0,0,0,0,0,6,1,2,4,0,8,18,5,16,3,34,42,38,51,48,63,61,61,77,72,78,73,100,73,113,100,116,112,152,134,156,151,152,143,161,175,192,162,164,191
0,0,0,0,0,0,0,0,0,0,0,0,0,0,1,0,1,0,0,0,4,0,0,5,0,9,16,6,17,5,35,43,40,50,49,64,62,67,76,73,76,75,99,75,113,99,118,112,153,135,154,152,153,144,162,173,196,164,165,193
0,0,0,0,0,0,0,0,0,0,0,0,0,0,2,0,1,0,0,1,6,0,0,5,0,7,15,6,16,4,33,44,37,51,46,63,61,68,75,75,75,75,98,75,115,99,116,109,151,132,153,151,154,144,161,173,193,162,164,191
0,0,0,0,0,0,0,0,0,0,0,0,0,0,3,0,0,2,0,0,5,0,0,5,0,9,14,6,17,5,36,44,40,50,49,66,62,69,76,75,74,76,99,77,116,98,118,110,152,132,152,154,155,146,167,174,193,163,167,192
0,0,0,0,0,0,0,0,0,0,0,0,0,0,3,0,0,2,0,0,6,0,0,5,0,7,13,6,19,3,34,45,39,53,49,65,59,68,76,74,77,75,98,76,115,99,118,108,150,131,153,156,153,146,169,174,192,162,166,190
0,0,0,0,0,0,0,0,0,0,0,0,0,0,1,0,0,2,0,0,5,0,0,5,1,11,12,4,21,2,36,44,40,54,50,67,59,70,75,73,76,75,98,77,116,97,120,113,150,133,152,162,153,146,172,174,197,163,167,193
0,0,0,0,0,0,0,0,0,0,0,0,0,0,1,0,0,0,1,0,5,0,2,5,4,10,15,5,19,4,34,44,38,56,49,64,56,69,75,74,76,74,97,75,116,98,119,111,148,133,152,162,152,146,170,175,196,160,168,192
0,0,0,0,0,0,0,0,0,0,0,0,0,0,0,0,2,1,0,0,7,0,3,4,3,10,13,5,21,4,35,43,39,55,51,66,59,72,75,75,78,73,99,76,117,97,124,111,150,135,153,163,152,147,173,175,198,162,173,198
0,0,0,0,0,0,0,0,0,0,0,0,0,0,0,0,0,4,0,0,7,0,3,3,4,9,13,7,20,3,33,44,36,55,48,65,57,69,73,73,77,72,100,74,117,99,123,111,147,135,154,164,149,145,172,176,198,162,175,198
0,0,0,0,0,0,0,0,0,0,0,0,0,0,0,0,0,3,3,0,5,0,3,4,3,9,11,7,19,4,35,42,38,56,50,66,58,70,77,75,76,72,100,74,120,101,124,112,148,137,152,165,154,148,174,179,201,164,176,200
0,0,0,0,0,0,0,0,0,0,0,0,0,0,0,0,0,1,2,0,5,0,1,3,5,6,10,7,17,4,34,42,37,56,50,65,56,67,77,75,78,73,99,71,118,102,122,111,147,138,155,166,153,150,175,180,201,162,175,199
0,0,0,0,0,0,0,0,0,0,0,0,0,0,0,0,1,1,1,0,3,0,1,5,2,8,8,5,18,4,35,43,42,55,50,66,58,71,79,76,79,74,99,75,121,103,125,112,151,140,154,168,156,153,175,178,201,163,176,201
0,0,0,0,0,0,0,0,0,0,0,0,0,0,0,0,0,0,1,0,3,0,2,3,2,5,7,6,17,3,33,43,41,55,50,65,55,69,79,76,80,73,98,75,123,104,125,110,154,139,157,166,155,151,173,177,199,161,174,199
0,0,0,0,0,0,0,0,0,0,0,0,0,0,0,0,0,1,0,0,2,1,1,4,0,8,6,7,19,3,33,44,43,56,50,65,55,69,80,77,81,75,97,78,123,104,127,113,155,140,159,168,157,151,173,177,204,163,176,202
0,0,0,0,0,0,0,0,0,0,0,0,0,0,0,0,0,0,0,0,1,0,1,5,0,7,7,9,18,1,33,45,41,56,50,63,53,69,79,76,81,75,96,79,124,103,125,112,153,139,159,168,156,149,172,180,203,165,175,203
0,0,0,0,0,0,0,0,0,0,0,0,0,0,0,0,0,0,0,0,0,0,2,7,0,7,7,8,20,2,35,45,42,56,53,63,56,71,81,76,80,76,98,82,124,103,126,114,154,141,157,168,159,150,173,181,207,167,175,206
0,0,0,0,0,0,0,0,0,0,0,0,0,0,0,0,0,0,0,0,0,0,2,5,1,5,6,7,18,0,35,49,44,55,52,62,55,70,81,76,82,75,100,82,126,104,124,113,151,138,161,168,159,150,171,180,205,164,174,207
0,0,0,0,0,0,0,0,0,0,0,0,0,0,0,0,0,0,2,0,0,0,2,6,3,5,8,8,20,0,36,48,44,55,53,64,56,73,81,75,82,79,102,84,129,108,125,116,155,140,159,172,160,153,174,179,207,165,175,207
0,0,0,0,0,0,0,1,0,0,0,0,0,0,0,0,0,0,0,0,1,1,5,6,1,4,8,10,19,3,35,48,43,56,51,62,54,72,80,74,82,79,104,84,130,107,123,117,155,139,161,172,158,155,173,178,204,165,176,208
0,0,0,0,0,0,0,0,0,0,0,0,0,0,0,0,0,3,0,0,4,0,5,7,0,6,6,11,21,4,35,46,46,55,51,65,54,74,81,74,83,79,107,86,131,108,126,119,157,142,162,173,164,159,176,180,205,167,179,211
0,0,0,0,0,0,0,0,0,0,0,0,0,0,0,0,0,2,0,0,4,0,6,8,1,5,7,12,21,2,33,46,44,55,49,63,52,73,79,76,82,79,107,83,132,112,124,118,155,140,162,170,164,158,177,181,205,164,176,211
0,0,0,0,0,0,0,0,0,0,0,0,0,0,0,1,0,2,0,0,2,0,7,9,1,5,7,10,23,3,35,45,45,56,49,65,53,76,81,78,83,80,111,85,133,113,125,121,158,141,162,175,168,159,178,181,208,169,179,213
0,0,0,0,0,0,0,0,0,0,0,0,0,0,0,0,0,3,0,0,2,0,5,7,0,5,8,9,23,1,35,46,42,57,46,62,50,73,79,77,83,80,110,82,134,112,125,119,159,141,163,176,168,157,179,181,209,168,179,213
0,0,0,0,0,0,0,0,0,0,0,0,0,0,0,0,0,2,1,0,2,1,4,7,0,6,6,7,22,1,36,45,43,56,47,62,50,74,78,77,83,81,111,84,133,114,125,120,163,141,164,176,170,158,183,180,209,170,182,220
0,0,0,0,0,0,0,0,0,0,0,0,0,0,0,0,0,3,2,0,4,2,6,6,0,3,5,6,22,3,34,46,41,58,47,60,49,73,78,79,85,83,115,81,133,115,125,119,163,138,167,174,170,157,183,180,206,171,179,218
0,0,0,0,0,0,0,0,0,0,0,0,0,0,0,0,0,2,0,1,5,2,6,7,0,4,5,6,25,3,36,44,42,57,48,62,51,75,80,79,85,82,115,82,134,118,125,120,164,142,168,177,172,157,184,180,208,173,181,218
0,0,0,0,0,0,0,0,0,0,0,0,1,0,0,0,0,2,1,3,7,1,4,6,0,2,5,6,25,3,34,44,40,56,47,60,49,74,78,79,85,81,115,82,134,118,123,122,164,139,168,175,170,157,183,181,207,171,179,216
0,0,0,0,0,0,0,0,0,0,0,0,0,0,0,0,0,1,1,2,7,1,5,7,0,3,3,5,26,3,35,45,43,54,49,62,53,74,78,78,85,80,116,84,134,118,124,124,167,144,168,177,171,161,184,182,209,171,180,216
0,0,0,0,0,0,0,0,0,0,0,0,0,0,0,0,0,3,0,2,11,0,4,5,0,1,3,4,25,2,33,46,41,54,49,61,52,73,78,76,86,80,116,82,134,119,123,122,165,142,169,177,170,160,181,183,208,171,178,213
0,0,0,0,0,0,0,0,0,0,1,0,0,0,0,0,2,2,0,1,9,0,4,6,0,2,1,4,24,5,36,44,44,55,52,61,53,73,78,76,85,81,116,83,135,119,126,122,167,148,170,178,172,160,183,182,211,177,181,215
0,0,0,0,0,0,0,0,0,0,0,0,0,0,0,0,0,3,0,1,10,0,5,6,2,1,1,5,24,4,34,47,42,54,50,60,53,72,78,76,85,81,118,84,135,118,126,119,167,148,170,176,171,159,180,182,211,175,181,216
0,0,0,0,0,0,0,0,0,0,0,0,0,0,0,1,0,2,0,0,9,1,5,5,0,2,0,5,26,4,36,45,43,54,50,62,53,76,77,76,85,81,119,87,135,119,131,121,168,148,169,177,175,163,183,181,212,180,183,218
0,0,0,0,0,0,0,0,0,0,0,0,0,0,0,1,0,1,0,0,8,0,3,5,0,0,0,4,26,3,37,46,43,55,47,62,53,76,75,75,84,80,119,85,135,121,132,121,166,147,175,174,173,163,181,182,212,177,185,216
0,0,0,0,0,0,0,0,0,0,0,0,0,1,0,0,0,0,0,0,9,2,2,5,0,0,0,3,27,3,38,45,43,55,47,64,54,82,75,76,84,79,119,85,135,120,133,124,167,150,174,177,175,163,182,184,215,178,186,216
0,0,0,0,0,0,0,0,0,0,0,0,0,2,0,0,0,1,0,0,8,3,1,4,0,0,0,6,28,1,35,45,41,55,47,64,53,81,75,75,83,80,117,83,134,121,131,123,165,149,175,175,173,160,180,185,214,179,184,217
0,0,0,0,0,0,0,0,0,0,0,0,1,0,0,0,0,1,0,4,6,1,0,5,3,0,1,5,29,3,40,44,42,56,51,64,57,82,74,78,82,80,117,85,133,122,134,130,165,154,177,177,174,161,183,184,216,181,188,220
0,0,0,0,0,0,0,0,0,0,0,0,4,1,0,0,0,3,0,4,6,2,0,8,1,0,2,5,28,3,37,44,41,56,50,62,56,81,74,79,85,79,118,82,133,123,133,130,163,153,176,177,172,161,184,183,216,178,186,219
0,0,0,0,0,0,0,0,0,0,0,0,3,0,0,0,0,1,0,3,4,0,0,8,1,0,1,3,28,4,40,43,42,56,51,64,57,82,78,83,83,79,119,85,136,122,134,130,164,155,175,177,174,163,184,182,219,180,188,224
0,0,0,0,0,0,0,0,0,0,0,0,3,0,1,0,1,0,0,2,3,0,0,7,0,0,2,7,28,3,37,43,41,59,49,65,57,82,77,82,85,82,118,84,137,123,131,130,166,154,176,176,172,163,182,183,219,180,187,222
0,0,0,0,0,0,0,0,0,0,0,0,2,0,0,0,0,0,0,2,2,0,0,6,0,0,0,5,28,4,38,41,42,57,51,66,58,84,77,84,84,82,119,87,137,124,134,131,169,156,177,177,174,165,185,184,222,181,188,224
0,0,0,0,0,0,0,0,1,0,0,0,3,0,0,0,0,0,0,2,4,0,0,5,1,0,1,7,26,3,36,42,40,58,49,65,56,81,77,82,85,81,117,87,138,125,134,133,166,155,177,175,173,165,185,184,219,181,188,222
0,0,0,0,0,0,0,0,0,0,0,0,1,0,0,0,0,0,0,1,3,0,0,5,2,1,0,8,26,3,38,41,42,58,49,66,58,82,76,83,87,83,119,89,140,124,135,134,167,158,177,176,175,167,185,184,221,182,189,224
0,0,0,0,0,0,0,0,0,0,0,0,0,0,0,0,1,0,0,2,4,0,0,4,1,3,1,8,24,1,36,41,40,58,47,65,56,82,77,83,88,82,117,87,140,124,134,132,164,157,178,174,172,167,184,184,220,182,191,223
0,0,0,0,0,0,0,0,0,0,0,0,0,0,0,0,0,0,0,1,3,0,0,4,1,1,2,7,26,3,37,41,43,57,50,67,59,82,78,82,88,82,116,91,145,123,134,133,167,158,178,175,172,168,187,185,223,186,191,223
0,0,0,0,0,0,0,0,0,0,0,0,0,0,0,0,0,0,0,1,4,0,0,4,1,3,2,9,27,2,36,42,45,58,49,68,60,81,76,83,88,82,115,90,145,124,131,132,165,155,183,174,170,166,185,186,223,185,192,223
0,0,0,0,0,0,0,0,0,0,0,0,0,0,0,0,1,0,0,1,2,0,0,5,0,1,1,10,27,4,37,40,48,58,50,68,61,84,76,85,87,82,116,90,149,123,135,135,167,157,182,176,172,166,188,186,225,190,193,225
0,0,0,0,0,0,0,0,0,0,0,0,0,0,0,0,0,0,1,1,2,0,0,3,0,2,2,12,26,5,35,41,46,58,47,65,59,83,76,84,87,81,115,89,147,123,133,134,166,155,182,175,170,169,186,190,224,189,191,224
0,0,0,0,0,0,0,0,0,0,0,0,0,0,0,0,1,0,0,0,2,0,0,2,0,1,1,12,26,6,35,40,50,57,48,67,63,86,76,83,87,82,116,92,149,123,134,137,170,156,183,177,175,170,186,191,225,191,192,228
0,0,0,0,0,0,0,0,0,0,0,0,0,0,0,0,0,0,0,1,2,0,0,0,0,2,0,13,26,6,35,39,47,59,46,67,63,84,76,81,87,81,114,89,148,122,132,138,167,155,185,180,173,169,185,193,225,189,192,226
0,0,0,0,0,0,0,0,0,0,0,1,0,0,0,1,0,0,1,0,9,0,0,1,0,0,0,13,25,7,36,39,49,58,47,69,65,84,77,81,87,81,115,90,148,124,133,139,167,156,184,184,174,175,186,191,227,192,196,232
0,0,0,0,0,0,0,0,0,0,0,0,0,0,2,0,0,0,2,0,8,0,0,1,0,0,0,13,24,8,33,39,46,59,47,67,64,82,80,80,88,81,115,88,149,128,132,136,166,157,184,181,172,176,186,191,225,189,198,232
0,0,0,0,0,0,0,0,0,0,0,0,0,0,0,0,0,0,1,0,8,0,2,2,0,0,0,13,26,8,35,41,47,57,50,71,65,83,79,81,88,81,114,88,149,130,136,137,167,157,185,184,175,177,188,189,229,189,201,235
0,0,0,0,0,0,0,0,0,0,0,0,0,0,0,0,0,0,0,0,9,0,0,0,0,0,0,12,24,7,35,42,45,57,49,71,64,80,79,81,89,84,114,88,147,132,136,134,165,158,185,182,175,178,186,189,226,188,201,233
0,0,0,0,0,0,0,0,0,0,0,0,0,0,0,0,0,0,0,0,7,0,1,0,0,1,0,12,24,9,37,41,46,56,49,72,65,81,79,83,91,85,114,90,147,131,138,135,166,160,186,185,178,180,189,190,228,189,202,236
0,0,0,0,0,0,0,0,0,0,0,0,0,0,0,0,0,0,0,0,6,0,0,0,0,0,1,15,24,8,36,40,43,56,46,73,65,80,79,85,91,83,112,88,147,132,136,133,164,159,188,182,178,178,187,193,226,187,203,235
0,0,0,0,0,0,0,0,0,0,0,0,0,0,0,1,0,0,0,0,5,0,0,0,0,0,2,13,24,9,38,38,44,56,46,74,66,81,82,86,90,86,114,88,148,133,138,134,164,162,187,183,179,182,190,194,228,189,205,240
0,0,0,0,0,0,0,0,0,0,0,0,0,1,0,2,0,1,0,0,7,2,0,0,0,0,3,13,22,7,39,39,42,59,43,71,66,80,83,87,90,89,112,89,148,134,136,134,162,160,192,184,180,180,188,195,226,191,203,240
0,0,0,0,0,0,0,0,0,0,0,0,0,2,0,0,0,0,0,0,6,0,0,0,0,2,3,15,24,9,42,37,45,59,46,71,69,82,82,91,90,90,114,93,149,132,137,136,163,161,192,188,185,182,188,198,226,192,203,241
0,0,0,0,0,0,0,0,0,0,0,0,0,1,0,0,0,0,0,0,5,0,0,0,0,3,4,16,23,7,40,37,44,60,45,71,66,85,81,91,91,90,112,91,147,134,136,133,162,160,194,187,185,183,185,199,224,191,201,241
0,0,0,0,0,0,0,0,0,0,0,0,0,0,0,0,0,0,3,0,3,0,1,0,0,4,4,17,24,7,40,39,47,60,49,71,69,86,83,94,92,89,112,92,148,133,136,138,165,161,192,187,186,185,187,201,225,191,202,241
0,0,0,0,0,0,0,0,0,0,0,0,0,0,0,0,0,3,0,1,4,0,1,0,0,4,5,17,22,5,37,39,46,60,46,68,67,84,82,93,92,88,111,89,147,134,136,135,164,160,194,186,185,183,188,202,226,189,199,241
0,0,0,0,0,0,0,0,0,0,0,0,0,0,0,0,0,2,0,0,2,0,0,0,0,4,3,15,22,5,39,38,47,59,47,72,67,87,84,95,91,92,111,90,148,134,136,137,166,160,195,186,187,187,189,201,228,190,201,242
0,0,0,1,0,0,0,0,0,0,0,0,0,0,0,0,0,3,0,0,1,0,1,1,0,4,4,14,21,6,37,38,44,63,45,71,64,85,82,95,91,90,110,91,149,135,135,136,167,158,196,186,185,186,188,203,227,187,202,242
0,0,0,0,0,0,0,0,0,0,0,0,0,0,0,0,0,2,0,0,1,2,0,0,0,3,2,16,21,6,39,39,48,62,47,74,66,86,84,99,91,91,111,92,150,136,141,137,167,159,194,188,187,188,190,203,227,187,204,245
0,0,0,0,0,0,0,0,0,0,0,0,0,0,0,0,0,1,0,0,0,2,0,0,0,2,3,16,20,6,37,38,47,62,45,74,66,87,83,98,91,90,109,93,149,136,138,134,166,159,193,186,187,187,190,204,227,186,202,242
0,0,0,0,0,0,0,0,0,0,0,0,0,0,0,0,0,0,2,0,0,2,0,0,0,4,1,14,20,8,38,36,48,60,45,76,68,88,82,101,91,92,108,97,150,136,143,136,167,160,193,186,188,190,191,203,228,186,203,243
0,0,0,0,0,0,0,0,0,0,0,0,0,3,0,0,0,0,2,0,0,2,0,0,1,2,0,13,22,7,38,38,46,61,44,75,69,86,83,99,92,92,107,95,151,139,141,136,165,161,194,185,188,190,191,203,229,184,201,242
0,0,0,0,0,0,0,0,0,0,0,0,0,3,0,0,0,0,0,0,0,1,0,1,2,1,1,12,21,7,39,37,47,60,44,78,71,88,83,98,90,92,106,95,153,140,141,139,167,163,196,189,190,195,194,203,232,185,204,243
0,0,0,0,0,0,0,0,0,0,0,0,1,0,0,0,0,0,0,0,0,1,0,0,3,0,0,12,22,7,37,36,44,60,48,76,69,88,83,98,90,90,107,92,153,142,140,137,166,162,195,186,187,197,192,203,230,183,205,244
0,0,0,0,0,0,0,0,0,0,0,0,0,0,0,0,0,0,0,0,0,0,0,0,1,0,0,12,21,7,38,34,47,61,49,77,71,88,85,100,91,92,110,93,153,141,142,140,168,164,195,189,187,200,194,203,232,184,206,249
0,0,0,0,0,0,0,0,0,0,0,0,0,0,0,0,2,3,0,0,0,0,0,0,0,0,0,11,22,5,38,34,48,60,51,74,70,86,83,102,92,91,110,93,152,140,143,137,166,164,196,189,186,198,193,206,230,182,207,248
0,0,0,0,0,0,0,0,0,0,0,1,0,0,0,0,0,1,0,1,0,0,0,0,2,1,2,10,23,6,38,34,48,59,52,75,73,87,84,102,92,91,113,95,153,138,147,140,169,166,196,190,186,198,195,206,234,183,208,249
0,0,0,0,0,0,0,0,0,0,2,0,0,0,0,0,0,0,0,0,0,1,0,0,5,0,2,11,23,7,37,34,46,61,51,73,71,85,85,101,91,91,112,94,151,137,146,138,166,164,196,189,185,200,192,207,233,183,206,250
0,0,0,0,0,0,0,0,0,0,0,0,0,0,0,0,0,0,0,0,0,0,0,0,3,0,2,9,24,6,38,34,47,61,51,78,71,87,85,102,91,93,114,97,151,136,149,142,168,165,195,189,188,200,195,208,237,184,206,254
0,0,0,0,0,0,0,0,0,0,0,0,0,0,0,0,0,0,1,0,0,0,0,0,3,0,1,8,24,5,35,35,46,61,49,77,69,84,84,104,91,94,114,97,150,136,147,141,169,166,195,188,187,197,193,211,237,185,208,253
0,0,0,0,0,0,0,0,0,0,0,0,0,0,0,0,0,1,1,0,1,0,0,0,2,0,0,6,24,6,38,34,46,62,50,80,70,86,84,106,91,94,114,100,151,136,148,144,172,168,194,190,189,198,193,211,239,186,210,253
0,0,0,0,0,0,0,0,0,0,0,0,0,0,0,0,0,0,3,0,0,0,0,1,4,0,0,8,24,5,37,36,44,62,47,78,69,83,84,106,90,95,115,97,150,135,147,142,169,165,194,189,189,197,191,210,243,185,209,253
0,0,0,0,0,0,0,0,0,1,0,0,0,0,0,0,2,0,2,0,0,0,2,0,3,0,0,8,25,4,39,35,47,60,49,80,69,86,83,106,90,94,116,97,151,138,149,142,170,167,193,190,192,198,193,209,245,187,211,257
0,0,0,0,0,0,0,0,0,1,0,0,0,0,0,0,0,0,0,0,0,0,2,1,4,2,0,8,24,5,36,34,48,60,48,80,68,85,82,104,89,94,114,98,150,139,151,140,170,166,194,187,190,196,192,210,244,188,213,256
0,0,0,0,0,0,0,0,0,0,0,0,0,0,0,1,0,0,2,1,0,0,1,0,5,0,0,6,25,5,39,33,50,59,49,82,68,87,83,103,88,93,118,98,149,139,155,142,172,169,192,189,195,198,195,208,244,190,214,256
0,0,0,0,0,0,0,0,0,0,0,0,0,0,0,2,1,1,3,1,0,0,0,6,6,2,0,5,25,4,40,35,49,58,49,83,66,88,81,105,90,94,117,98,148,141,153,141,169,168,191,187,194,195,193,209,242,188,212,254
0,0,0,0,0,0,0,0,0,0,0,0,0,0,0,2,2,1,4,0,0,1,0,5,5,3,0,4,24,5,40,34,51,58,51,84,68,89,80,104,90,94,116,100,153,139,154,142,171,169,191,188,199,196,199,209,245,191,215,257
0,0,0,0,0,0,0,0,0,0,0,0,0,0,0,0,1,1,4,0,0,2,0,7,7,5,0,4,22,5,39,34,48,59,50,83,68,86,79,103,92,94,116,102,153,143,152,141,170,167,190,187,199,193,200,209,242,189,212,255
0,0,0,0,0,0,0,0,0,0,0,0,0,0,0,0,0,1,7,0,0,1,1,5,6,2,0,4,21,6,39,33,50,59,53,87,71,89,79,103,93,94,116,104,152,142,154,142,173,168,194,189,201,193,202,211,243,190,214,255
0,0,0,0,0,0,0,0,0,0,0,0,0,0,0,0,0,1,6,0,2,0,0,8,7,4,0,4,23,6,38,33,48,59,50,85,71,86,79,102,95,94,117,102,151,144,151,140,170,166,195,186,198,190,200,212,242,189,214,254
0,0,0,0,0,0,0,0,0,0,0,0,0,2,0,3,0,0,6,0,3,0,0,6,8,1,0,4,22,5,43,31,50,58,50,87,75,88,79,104,93,94,116,106,152,143,151,140,172,168,195,186,200,190,202,213,243,190,217,259
0,0,0,0,0,0,0,0,0,0,0,0,0,1,0,3,0,0,4,0,3,0,0,7,9,3,3,4,22,4,44,31,50,57,51,86,73,85,78,102,94,95,116,104,152,145,149,140,169,167,196,183,197,187,200,213,242,189,215,259
0,0,0,0,0,0,0,0,0,0,0,0,0,0,0,3,0,0,3,0,4,0,1,7,8,1,4,3,24,4,47,32,52,58,53,87,74,88,78,101,94,94,115,109,153,145,150,140,172,169,198,184,198,188,202,212,245,194,216,261
0,0,0,0,0,0,0,0,0,0,0,0,0,0,0,1,0,0,2,0,5,0,0,8,10,4,4,4,22,3,45,32,52,59,53,86,72,86,78,100,93,95,115,107,152,146,148,139,169,166,201,186,195,190,203,212,244,192,216,261
0,0,0,0,0,0,0,0,0,0,0,0,0,0,0,0,0,1,4,0,5,0,0,7,10,3,5,5,25,4,45,34,53,58,56,89,76,86,81,100,92,96,116,108,153,147,152,141,169,166,204,187,198,194,207,212,246,196,219,262
0,0,0,0,0,0,0,0,0,0,0,0,0,0,0,0,0,0,3,0,3,0,0,8,12,6,6,5,23,2,45,34,54,61,53,89,76,86,81,99,91,95,116,111,155,147,152,144,169,165,204,187,196,192,207,213,246,196,217,260
0,0,0,0,0,0,0,0,0,0,0,0,2,0,0,0,0,0,4,0,2,0,0,6,11,3,6,7,22,2,45,33,55,59,56,89,78,88,81,98,90,95,119,112,157,147,152,145,170,167,204,189,199,197,209,213,246,199,217,263
0,0,0,0,0,0,0,0,0,0,0,0,2,0,0,0,0,0,2,0,0,0,0,6,12,4,9,6,23,1,43,35,56,60,54,89,77,87,81,98,89,94,120,111,155,146,153,142,172,166,203,187,198,194,207,217,243,199,215,261
0,0,0,0,0,0,0,0,0,0,0,0,3,0,0,0,0,0,2,0,0,0,1,5,13,1,9,6,25,3,44,35,60,59,55,91,77,88,82,98,88,95,120,113,156,146,155,146,176,168,202,188,199,195,210,216,243,202,217,264
0,0,0,0,0,0,0,0,0,0,0,0,0,0,0,0,0,0,2,3,0,0,0,5,13,4,10,7,24,4,44,36,60,59,55,90,79,87,82,98,90,96,119,113,154,147,154,146,173,167,203,186,198,193,207,216,241,202,218,263
0,0,0,0,0,0,0,0,0,0,0,0,0,0,0,0,0,0,4,2,0,1,0,5,11,4,10,6,23,6,47,34,60,59,59,91,81,88,84,99,91,98,122,114,153,146,156,148,175,170,203,192,199,194,207,215,242,203,219,264
0,0,0,0,0,0,0,0,0,0,0,0,0,0,0,0,0,0,2,2,0,2,0,6,11,4,11,5,21,8,46,35,57,62,56,88,79,86,85,100,95,97,121,111,153,146,156,146,173,171,203,190,197,191,204,215,239,200,219,262
0,0,0,0,0,0,0,0,0,0,0,0,0,0,0,0,1,0,2,3,3,1,0,3,11,3,11,6,20,9,46,35,57,60,56,89,80,87,87,100,98,97,122,114,155,147,156,147,175,174,203,190,198,195,206,214,242,203,220,264
0,0,0,0,0,0,0,0,0,0,0,0,0,0,1,0,0,0,2,3,1,4,0,6,12,4,11,9,19,10,45,38,55,59,54,89,80,84,86,98,98,98,122,112,155,147,155,144,175,173,202,188,196,193,206,215,240,204,219,262
0,0,0,0,0,0,0,0,0,0,0,0,0,0,2,0,0,0,3,1,1,2,0,5,12,4,11,9,18,10,45,38,56,59,55,90,81,84,86,98,98,100,122,113,154,145,155,144,177,175,200,190,197,197,209,215,243,209,219,263
0,0,0,0,0,0,0,0,0,0,0,0,0,0,4,0,0,0,1,3,0,2,0,7,14,5,11,10,17,10,45,41,54,60,54,88,79,81,86,98,97,99,123,112,155,146,153,144,175,173,199,188,195,196,206,219,241,211,217,264
0,0,0,0,0,0,0,0,0,0,0,0,1,0,3,0,0,0,0,2,1,0,1,4,14,2,11,11,18,9,46,41,56,61,56,88,82,83,89,101,97,99,124,113,154,145,154,150,177,175,198,188,198,196,209,217,243,213,220,265
0,0,0,0,0,0,0,0,0,0,0,0,1,0,2,0,0,0,0,1,0,1,2,7,16,3,11,11,16,10,43,45,54,62,55,88,81,80,90,101,97,98,123,110,153,147,151,149,177,172,199,187,197,195,207,216,242,213,219,266
0,0,0,0,0,0,0,0,0,0,0,0,1,0,0,0,0,0,1,1,0,0,0,5,15,2,9,9,17,10,45,44,55,60,56,90,81,80,90,103,96,100,123,113,153,149,152,150,180,175,198,188,198,197,210,215,244,215,221,269
0,0,0,0,0,0,0,0,0,0,0,0,1,0,0,0,0,0,0,1,0,1,0,8,15,6,10,10,16,8,42,44,52,62,56,91,79,78,90,103,97,100,123,113,154,150,154,148,179,173,198,187,199,195,209,214,244,214,221,267
0,0,0,0,0,0,0,0,0,0,0,0,0,0,0,0,0,0,0,2,1,0,0,7,18,5,10,10,17,10,46,43,54,62,58,91,81,79,90,104,96,100,122,115,153,149,159,151,180,174,196,189,199,195,211,213,246,215,221,267
0,0,0,0,0,0,0,0,0,0,0,0,1,0,0,0,0,0,0,2,0,0,0,8,18,5,12,10,16,11,46,44,52,62,57,89,78,76,90,104,100,100,122,115,152,150,159,149,181,174,198,186,200,193,212,213,243,215,221,270
0,0,0,0,0,0,0,0,0,0,0,0,0,0,2,0,0,0,0,0,0,0,0,5,17,4,13,10,16,10,47,43,54,64,58,90,80,82,90,105,101,101,123,117,152,152,160,151,183,176,196,187,201,194,216,212,245,217,223,271
0,0,0,0,0,0,0,0,0,0,0,0,0,0,0,1,0,0,0,1,0,0,1,6,17,4,13,12,17,9,45,45,53,64,55,89,77,79,89,105,103,99,122,117,154,153,158,150,181,174,197,184,199,191,217,212,247,219,221,271
0,0,0,0,0,0,0,0,0,0,0,0,0,0,0,1,0,1,0,0,0,0,0,4,16,2,13,10,18,9,48,46,56,64,56,90,77,80,90,105,105,103,121,122,153,153,160,152,182,177,196,185,203,193,220,214,248,222,224,274
0,0,0,0,0,0,0,0,0,0,0,0,0,0,0,0,0,0,0,0,0,0,0,5,15,4,16,14,18,8,47,45,53,64,56,90,76,80,91,106,104,103,120,120,153,154,158,156,182,175,197,184,203,192,220,217,246,223,223,272
0,0,0,0,0,0,0,0,0,0,0,0,0,0,0,0,0,1,0,0,2,0,0,3,13,3,15,14,19,8,47,43,54,63,58,91,77,82,90,106,103,103,121,121,154,155,160,158,183,175,199,187,205,192,221,217,250,225,226,272
0,0,0,0,0,0,0,0,0,0,0,0,0,0,0,2,0,0,0,1,0,0,0,3,14,4,16,14,18,8,44,46,53,64,57,89,77,80,90,106,103,102,121,118,154,156,157,157,181,175,200,185,204,192,218,216,249,225,226,270
0,0,0,0,0,0,0,0,0,0,0,0,0,0,0,1,0,0,0,0,0,0,0,2,14,2,16,14,19,11,47,46,55,62,59,94,78,80,93,109,102,105,121,120,154,155,159,158,184,175,200,187,205,193,220,215,253,226,229,272
0,0,0,0,0,0,0,0,0,0,0,0,0,0,0,1,0,0,1,1,0,1,0,6,13,2,16,14,20,10,45,45,54,62,57,92,76,79,93,108,104,104,120,118,152,157,158,159,182,175,201,184,206,190,219,215,251,224,227,269
0,0,0,0,0,0,0,0,0,0,0,0,0,0,0,0,0,0,0,1,0,0,0,4,11,0,15,14,21,10,46,47,56,62,57,93,78,82,95,108,103,105,120,119,154,156,158,160,185,175,200,187,207,194,219,218,254,224,231,270
0,0,0,0,0,0,0,0,0,0,0,0,0,0,0,0,0,0,0,0,0,2,1,8,11,2,17,15,20,9,45,46,54,62,58,91,77,80,96,108,103,106,120,120,153,156,160,160,183,172,199,185,206,191,218,222,253,223,230,269
0,0,0,0,0,0,0,0,0,0,1,0,0,1,0,0,0,2,0,0,0,1,2,9,9,1,18,16,21,11,47,45,57,64,59,94,80,80,96,110,101,106,123,121,154,155,160,162,187,174,199,185,207,195,220,223,253,224,233,273
0,0,0,0,0,0,0,0,0,0,0,0,0,1,1,0,0,1,0,0,0,3,1,10,8,0,17,16,20,9,48,47,55,63,59,93,79,79,94,108,102,110,122,121,152,154,161,164,187,173,198,183,206,193,219,225,250,221,231,272
0,0,0,0,0,0,0,0,0,0,0,0,0,0,1,0,0,1,0,0,0,1,1,11,6,0,17,16,19,8,49,46,57,63,62,93,81,81,96,109,100,109,123,124,152,153,164,165,188,174,198,185,208,196,220,225,253,224,232,273
0,0,0,0,0,0,0,0,0,0,0,0,0,0,1,0,0,0,0,0,0,4,0,18,7,0,16,15,19,7,48,48,57,62,60,92,78,80,99,111,102,107,121,122,152,152,161,163,186,171,197,184,207,195,219,224,251,223,232,271
0,0,0,0,0,0,0,0,0,0,0,0,0,0,0,0,0,0,0,1,0,1,0,15,6,0,15,15,20,10,50,47,58,63,60,95,78,81,100,112,103,108,121,122,152,150,162,164,189,173,196,185,210,197,223,223,252,224,234,273
0,0,0,0,0,0,0,0,0,0,0,0,0,0,0,0,1,0,0,1,0,1,0,17,6,0,15,15,20,10,48,47,55,65,59,92,76,79,100,110,103,108,119,122,150,150,160,163,188,171,198,182,208,196,222,222,249,223,232,273
0,0,0,0,0,0,0,0,0,0,0,0,0,0,0,0,0,0,0,2,0,0,0,14,5,0,14,13,20,10,51,46,57,63,60,94,77,79,99,109,102,110,118,122,152,151,162,164,189,172,199,183,208,198,225,221,251,223,237,274
0,0,0,0,0,0,0,0,0,0,0,0,0,0,0,0,1,0,0,2,0,2,1,17,4,0,16,13,19,9,50,50,54,63,59,92,74,79,99,111,104,109,120,122,152,153,160,164,187,169,203,180,207,198,224,222,250,221,237,272
0,0,0,0,0,0,0,0,0,0,0,0,0,0,0,0,0,0,0,2,0,1,3,15,2,0,17,14,19,9,52,49,56,62,61,94,76,80,99,112,106,110,120,123,153,152,161,165,189,170,202,181,209,199,224,223,252,222,240,273
0,0,0,0,0,0,0,0,0,0,0,0,0,0,0,1,0,0,1,1,0,1,3,16,1,0,21,13,17,11,50,50,55,61,59,94,76,78,97,113,109,108,120,123,153,152,158,163,189,168,203,180,207,196,225,225,251,219,240,270
0,0,0,0,0,0,0,0,0,0,0,0,0,0,0,1,0,0,0,1,0,2,2,14,0,0,19,11,17,13,51,49,55,60,61,95,77,79,97,113,109,107,120,124,153,151,160,165,193,169,202,183,208,197,227,224,252,220,244,270
0,0,0,0,0,0,0,0,0,0,0,0,0,0,0,0,2,0,0,0,0,3,2,18,0,0,21,11,17,12,50,50,53,62,60,94,74,78,97,113,109,105,120,122,151,151,159,162,191,168,204,183,207,195,228,223,251,219,246,267
0,0,0,0,0,0,0,0,0,0,0,0,0,0,0,0,1,1,0,1,2,0,1,19,1,0,19,9,17,11,51,50,55,64,60,97,75,79,96,115,107,106,119,127,153,150,161,162,192,170,204,184,209,197,230,222,252,223,247,272
0,0,0,0,0,0,0,0,0,0,0,0,0,0,0,0,0,1,0,0,0,0,1,20,0,0,20,12,17,9,48,54,54,65,60,95,76,78,95,114,106,104,118,124,155,149,159,161,190,167,205,184,211,194,229,225,250,220,245,274
0,0,0,0,0,0,0,0,0,0,0,0,0,0,0,0,0,0,0,0,1,0,1,18,0,0,20,12,17,9,48,54,55,65,62,96,79,81,94,115,108,104,121,126,155,148,161,161,192,168,203,185,215,196,229,224,251,224,247,275
0,0,0,0,0,0,0,0,0,0,0,0,0,0,0,0,0,0,1,1,0,0,1,18,0,0,19,11,16,9,46,55,55,66,60,96,77,80,94,114,110,105,121,125,153,152,160,160,191,167,204,183,213,196,227,225,253,223,246,277
0,0,0,0,0,0,0,0,0,0,0,0,0,0,0,0,0,0,0,0,0,0,3,15,0,1,17,9,16,10,48,55,58,66,64,98,80,80,95,115,110,105,120,128,153,153,160,160,192,167,203,184,216,198,229,225,253,224,248,278
0,0,0,0,0,0,0,0,0,0,0,0,0,0,0,0,0,0,0,0,0,1,2,15,0,1,17,10,14,8,46,54,56,67,63,96,80,78,97,116,110,105,118,127,153,155,160,159,191,165,205,182,215,196,229,226,250,221,247,276
0,0,0,0,0,0,0,0,0,0,0,0,0,0,0,0,0,0,0,0,1,0,0,12,0,2,16,9,14,8,46,55,56,66,63,97,83,78,96,116,111,107,118,129,153,155,166,159,192,168,205,185,216,196,231,226,250,224,249,276
0,0,0,0,0,0,0,0,0,0,0,0,0,0,0,0,0,0,0,0,0,0,0,12,0,3,16,9,14,7,44,54,54,65,62,95,82,75,96,116,112,107,117,128,153,156,165,156,190,168,204,186,215,194,229,227,248,223,247,274
0,0,0,0,0,0,0,0,0,0,0,0,0,0,0,0,0,0,0,0,0,0,0,9,1,5,18,8,15,8,45,53,56,63,65,96,84,80,96,115,110,108,118,129,154,158,165,158,193,171,204,187,216,196,230,228,249,224,250,276
0,0,0,0,0,0,0,0,0,0,0,0,0,0,0,0,0,0,0,0,0,0,0,13,0,5,20,7,14,6,42,54,53,63,64,96,84,77,95,115,111,107,116,127,155,158,163,156,192,168,204,185,215,195,228,231,246,223,248,276
0,0,0,0,0,0,0,0,0,0,0,0,0,0,1,0,1,0,0,0,0,1,0,10,0,5,19,6,15,9,42,54,54,62,67,97,85,79,95,117,112,110,116,128,156,156,165,157,195,171,203,186,216,198,228,231,247,225,248,276
0,0,0,0,0,0,0,0,0,0,0,0,0,0,1,0,2,0,0,0,0,0,0,12,0,4,19,5,15,7,39,56,54,61,66,96,82,79,94,117,114,108,115,127,155,158,163,156,192,168,202,187,217,199,227,232,245,223,246,277
0,0,0,0,0,0,0,0,0,0,0,0,0,0,0,0,0,0,0,1,0,2,2,10,0,5,17,4,16,9,39,55,56,60,69,96,83,81,94,117,114,107,114,128,155,159,165,156,193,168,202,187,218,199,227,232,245,225,247,280
0,0,0,0,0,0,0,0,0,0,0,0,0,0,0,0,1,1,0,4,0,1,2,11,0,4,17,6,15,8,36,55,55,61,68,95,81,79,95,118,116,107,112,125,155,160,163,153,191,166,203,186,218,199,225,234,248,225,247,277
0,0,0,0,0,0,0,0,0,0,0,0,0,0,0,0,0,2,0,1,0,0,2,10,0,4,17,8,15,9,37,53,55,61,71,97,81,82,95,121,115,108,113,128,154,160,163,156,193,169,204,186,219,202,225,234,250,226,250,280
0,0,0,0,0,0,0,0,0,0,0,0,0,1,1,0,0,0,0,5,0,1,3,13,0,4,17,11,16,9,34,52,52,64,69,95,79,82,95,120,114,106,111,126,152,159,161,155,191,169,203,187,219,204,223,234,248,226,248,279
0,0,0,0,0,0,0,0,0,0,0,0,0,0,1,0,0,0,1,2,4,4,3,13,0,5,16,10,15,8,34,51,53,65,70,96,79,84,94,122,112,108,112,128,154,161,162,157,193,173,205,188,221,207,224,234,249,232,251,281
0,0,0,0,0,0,0,0,0,0,0,0,0,0,1,0,0,0,0,4,4,2,3,15,0,4,16,9,13,8,33,50,54,66,67,96,79,81,93,123,112,106,112,127,154,163,159,156,193,171,206,189,219,205,222,236,247,230,248,279
0,0,0,0,0,0,0,0,0,0,0,0,0,0,1,0,0,0,0,3,7,2,3,13,0,5,14,9,12,11,33,50,56,64,69,97,81,82,94,123,111,106,115,129,155,165,160,156,195,171,208,191,221,205,223,237,248,231,249,281
0,0,0,0,0,0,0,0,0,0,0,0,0,0,0,0,0,0,0,4,7,1,1,14,0,4,13,9,10,11,34,51,56,63,66,94,81,80,94,121,115,105,114,127,153,166,157,156,194,172,209,190,220,203,224,240,246,228,249,281
0,0,0,0,0,0,0,1,0,0,0,0,0,0,1,0,0,0,0,2,4,3,2,11,0,3,11,7,10,11,36,51,58,62,68,95,82,80,97,122,114,105,116,130,154,165,159,158,196,174,208,195,221,204,225,240,246,230,250,281
0,0,0,0,0,0,0,0,0,0,0,0,0,1,0,0,0,0,0,3,5,1,1,13,0,1,12,8,9,10,34,54,56,63,66,96,81,81,97,121,115,107,116,129,153,166,156,158,195,172,208,194,220,202,223,242,246,228,249,279
0,0,0,0,0,0,0,0,0,0,0,0,0,0,0,0,0,0,0,1,3,0,2,10,0,2,11,9,9,13,36,55,58,62,67,96,82,83,96,120,115,110,115,133,153,166,160,159,196,174,208,198,225,205,224,243,252,231,250,280
0,0,0,0,0,0,0,0,0,0,0,0,0,0,0,0,0,0,0,3,6,0,0,13,0,0,11,9,8,13,35,54,57,61,67,94,80,83,96,119,114,112,116,130,151,168,159,158,195,174,208,200,226,206,222,242,251,229,248,278
0,0,0,0,0,0,0,0,0,0,0,0,1,0,0,0,0,0,1,2,3,0,0,12,0,0,10,7,9,12,35,54,60,62,68,95,83,84,97,119,113,111,118,132,151,166,160,159,197,174,207,205,226,207,222,241,252,231,250,280
0,0,0,0,0,0,0,0,0,0,0,0,1,0,1,0,0,0,0,2,6,0,1,12,0,3,9,10,8,12,35,56,60,64,65,95,83,84,101,118,113,111,117,132,149,167,158,158,197,174,209,206,224,205,220,241,251,231,250,279
0,0,0,0,0,0,0,0,0,0,0,0,0,0,1,0,0,2,2,0,5,0,1,11,0,6,9,10,9,12,38,56,62,63,65,96,83,85,102,118,112,111,117,133,148,166,158,158,198,176,208,206,227,206,221,240,253,235,252,280
0,0,0,0,0,0,0,0,0,0,0,0,0,0,0,0,0,0,0,2,6,0,0,12,0,7,11,11,9,11,37,55,61,62,64,93,82,83,102,118,117,109,115,130,150,166,155,156,196,174,208,205,226,204,221,240,252,236,254,278
0,0,0,0,0,0,0,0,0,0,0,0,0,0,0,0,0,0,0,1,4,0,0,11,0,7,11,10,10,11,38,55,64,62,67,94,83,84,104,118,117,109,115,131,154,166,155,159,198,174,207,208,226,204,221,240,253,237,256,279
0,0,0,0,0,0,0,0,0,0,0,0,0,0,0,0,0,0,0,2,6,0,0,14,2,8,10,13,9,10,37,57,63,65,66,94,80,84,104,118,121,107,115,128,153,167,153,160,196,171,209,207,229,202,219,242,250,235,256,277
0,0,0,0,0,0,0,0,0,0,0,0,0,0,0,0,3,0,0,1,4,0,0,11,1,8,9,11,8,9,38,56,63,64,67,94,80,85,105,119,121,107,118,131,156,168,160,162,198,173,207,207,229,204,221,243,251,237,258,277
0,0,0,0,0,0,0,0,0,0,0,0,0,0,0,0,1,0,0,3,5,1,0,11,2,6,10,11,6,9,35,56,62,63,67,91,79,83,108,118,121,106,123,129,155,168,158,160,197,173,207,204,226,202,219,243,250,234,256,276
0,0,0,0,0,0,0,0,0,0,0,0,0,0,0,0,2,0,0,3,3,1,0,8,0,7,10,12,6,11,37,55,65,63,70,91,80,86,108,119,120,107,123,132,154,169,160,162,200,175,208,205,228,205,220,244,253,236,258,279
0,0,0,0,0,0,0,0,0,0,0,0,1,0,0,0,1,0,0,5,3,1,1,13,0,6,13,13,4,9,34,56,63,64,71,88,78,84,107,121,119,108,121,129,152,171,159,160,198,178,208,204,229,204,218,243,251,236,255,280
0,0,0,0,0,0,0,0,0,0,0,0,0,0,0,0,2,1,1,3,1,1,0,11,0,7,16,13,6,11,35,56,63,62,72,89,79,85,110,121,118,107,121,132,152,169,160,162,201,180,207,204,229,205,220,243,251,237,261,284
0,0,0,0,0,0,0,0,0,0,0,0,0,0,0,1,1,1,0,5,2,1,0,11,0,6,15,14,5,9,33,56,60,64,71,88,76,82,108,120,119,108,119,132,150,171,160,161,199,178,207,202,227,203,220,242,249,235,259,282
0,0,0,0,0,0,0,0,0,0,0,0,0,0,0,0,3,0,0,2,2,0,0,13,1,6,13,12,5,11,35,56,62,63,74,91,76,83,110,119,118,108,121,134,149,170,160,162,201,181,206,205,230,203,221,241,251,237,261,282
0,0,0,0,0,0,0,0,0,0,0,0,0,0,0,0,0,0,1,2,3,0,0,16,0,5,13,12,4,9,32,57,60,62,72,89,74,82,110,120,121,106,120,134,148,171,158,161,199,178,208,205,228,200,220,242,250,235,260,281
0,0,0,0,0,0,0,0,0,0,0,0,0,0,0,0,0,0,0,0,1,0,0,13,2,6,11,12,4,9,34,57,62,61,72,90,75,82,111,119,119,106,120,135,149,173,158,165,204,179,206,206,229,200,221,243,251,236,262,282
0,0,0,0,0,0,0,0,0,0,0,0,0,0,0,0,0,0,3,3,4,0,0,14,3,6,13,12,3,8,32,57,60,61,71,89,74,82,111,118,119,105,121,132,147,172,156,167,203,178,205,204,227,198,221,246,251,235,259,280
0,0,0,0,0,0,0,0,0,0,0,0,0,0,0,0,0,0,2,1,1,2,0,11,3,8,11,12,4,8,33,57,60,62,74,91,76,86,110,119,118,108,121,133,147,171,159,171,206,180,205,205,231,200,223,246,253,237,264,282
0,0,0,0,0,0,0,0,0,0,1,0,1,0,0,0,0,0,1,1,3,1,0,12,1,6,11,14,4,6,31,59,58,63,73,89,74,84,110,122,117,109,120,131,146,170,159,172,206,177,204,203,229,200,222,248,253,236,262,282
0,0,0,0,0,0,0,0,0,0,0,0,0,0,0,0,0,0,0,0,1,4,0,10,1,6,10,12,3,5,32,57,60,63,74,91,75,85,111,123,117,111,120,133,147,171,160,174,208,178,202,208,231,202,228,249,254,240,265,284
0,0,0,0,0,0,0,0,0,0,0,0,0,0,0,0,0,0,0,0,1,2,0,11,0,4,10,12,1,4,30,57,59,62,71,89,74,83,112,122,119,111,122,133,147,172,160,171,208,176,203,207,228,201,229,251,251,238,263,282
0,0,0,0,0,0,0,0,0,0,0,0,0,0,0,0,0,0,0,0,0,1,0,9,1,3,11,12,2,4,31,57,61,60,73,91,75,84,111,123,118,111,121,137,147,172,161,172,209,177,203,209,233,203,231,250,252,241,265,283
0,0,0,0,0,0,0,0,0,0,0,0,0,0,0,0,0,0,1,0,1,2,0,10,2,4,11,12,0,3,28,57,60,60,72,91,73,84,110,122,117,111,121,136,150,171,160,173,208,177,203,209,233,200,229,251,250,239,264,283
0,0,0,0,0,0,0,0,0,0,0,0,0,0,0,0,0,0,1,0,1,2,0,7,2,3,11,11,0,3,29,57,62,63,74,93,74,85,113,123,118,110,122,139,150,170,163,173,210,179,201,209,235,203,231,250,256,240,264,287
0,0,0,0,0,0,0,0,0,0,0,0,0,0,0,0,0,0,0,0,0,2,0,8,3,4,11,11,0,2,27,59,60,62,71,92,71,83,113,122,120,108,123,137,150,171,160,174,209,180,202,208,233,200,230,252,257,238,263,285
0,0,0,0,0,0,0,0,0,0,0,0,0,0,0,0,0,0,0,0,0,4,1,5,3,5,10,10,0,2,28,58,61,61,73,93,72,85,113,121,119,107,122,139,150,169,162,177,209,183,203,209,235,201,231,250,259,238,263,287
0,0,0,0,0,0,0,0,0,0,0,0,0,0,0,0,0,0,0,1,0,3,2,8,3,4,10,10,0,2,25,59,60,60,72,92,72,84,111,119,118,106,123,140,148,169,160,175,210,186,203,207,236,199,232,251,259,239,260,287
0,0,0,0,0,0,0,0,0,0,0,0,0,0,0,0,0,0,0,1,0,3,2,6,2,6,10,8,0,2,26,59,63,58,75,94,73,86,111,122,119,105,123,142,149,170,162,177,212,186,202,208,236,200,232,249,260,240,264,287
0,0,0,0,0,0,0,0,0,0,0,0,0,0,0,0,0,0,0,0,0,4,2,9,1,6,12,7,0,2,24,59,61,59,72,92,71,85,110,120,120,103,124,142,149,171,160,176,212,183,205,206,235,197,230,252,257,241,261,284
0,0,0,0,0,0,0,0,0,0,0,0,0,0,0,0,0,0,0,0,0,3,2,7,0,5,10,8,0,2,27,57,64,57,75,94,73,86,111,119,119,103,123,142,148,172,161,176,213,186,206,209,235,199,234,252,257,244,267,285
0,0,0,0,0,0,0,0,0,0,0,0,0,0,0,0,0,0,0,0,1,3,0,8,4,4,10,7,0,1,27,58,63,57,74,93,72,84,110,118,120,103,121,141,148,174,159,174,213,186,211,209,235,196,234,251,255,244,265,283
0,0,0,0,0,0,0,0,0,0,0,0,0,0,0,0,1,0,0,0,0,2,0,7,5,6,8,7,0,2,28,57,63,56,76,94,74,84,110,119,118,105,122,143,149,173,161,174,215,189,211,210,237,196,234,251,259,245,266,284
0,0,0,0,0,0,0,0,0,0,0,0,0,1,0,0,2,0,0,0,0,2,0,7,5,6,9,6,1,0,25,57,63,55,74,92,73,84,109,118,117,107,125,141,148,173,159,171,212,188,210,208,234,196,234,251,258,243,266,282
0,0,0,0,0,0,0,0,0,0,0,0,0,0,0,1,1,0,0,1,0,5,0,5,4,5,7,5,3,1,27,56,65,56,75,92,76,87,110,123,118,108,125,143,148,174,161,172,213,188,208,210,235,197,234,249,259,249,267,282
0,0,0,0,0,0,0,0,0,0,0,0,0,0,1,0,2,1,0,1,0,5,0,6,3,6,8,6,5,0,25,56,63,55,72,90,73,85,111,123,120,108,125,141,150,176,159,170,212,185,209,208,234,198,232,253,257,246,266,284
0,0,0,0,0,0,0,0,0,0,0,0,0,0,0,0,1,1,0,1,0,4,2,3,1,6,9,4,3,0,27,56,63,55,75,91,74,85,115,123,119,110,127,142,150,176,160,170,215,187,208,209,235,199,234,252,258,249,270,285
0,0,0,0,0,0,0,0,0,0,0,0,1,0,1,0,2,0,0,2,1,6,2,4,4,5,9,6,3,0,26,59,61,55,74,94,72,82,114,123,119,108,125,141,150,179,158,170,214,185,208,209,233,196,235,251,259,246,267,283
0,0,0,0,0,0,0,0,0,0,0,0,0,0,0,0,0,0,0,1,2,6,1,2,3,6,8,6,2,0,28,58,64,56,74,96,72,85,114,124,120,109,125,142,152,180,163,171,216,186,211,211,234,198,237,252,262,247,269,286
0,0,0,0,0,0,0,0,0,0,0,0,0,0,0,0,0,0,0,4,0,4,0,2,2,7,9,6,2,3,28,57,62,56,72,94,70,82,114,122,119,108,123,140,151,179,162,170,219,185,211,209,232,198,236,256,261,244,268,284
0,0,0,0,0,0,0,0,0,0,0,0,0,0,2,0,2,0,0,1,4,6,0,1,2,8,9,5,2,4,28,55,62,57,73,95,74,83,114,124,120,111,123,142,152,178,162,171,219,188,211,211,234,203,240,256,263,245,271,286
0,0,0,0,0,0,0,0,0,0,0,0,0,0,2,0,2,0,0,1,2,6,0,4,2,6,9,5,5,3,27,54,60,56,72,95,72,83,114,125,120,110,121,141,155,181,161,169,216,186,210,209,233,201,239,256,263,244,270,283
0,0,0,0,0,0,0,0,0,0,0,0,0,0,2,0,0,0,0,0,2,6,0,4,1,7,9,7,3,2,28,52,62,54,73,96,74,84,114,126,119,112,121,142,158,181,161,171,216,187,212,210,235,202,240,256,265,244,276,284
0,0,0,0,0,0,0,0,0,0,0,0,0,0,0,0,1,0,0,2,0,6,0,7,1,6,8,7,4,1,25,52,63,54,71,94,72,82,115,130,120,112,124,142,159,182,158,170,215,184,214,208,235,200,239,255,263,241,275,281
0,0,0,0,0,0,0,0,0,0,0,1,0,0,0,0,2,0,0,3,0,5,1,4,0,5,8,5,4,3,29,52,63,56,71,94,73,84,115,130,118,113,123,144,161,182,161,170,217,187,214,209,237,202,241,254,265,242,275,282
0,0,0,0,0,0,0,0,1,0,0,0,0,0,0,0,2,0,0,3,0,3,2,4,0,4,11,5,3,6,29,52,66,55,69,91,72,84,114,131,120,112,123,141,160,183,163,167,214,187,215,208,235,202,240,255,264,239,272,282
0,0,0,0,0,0,0,0,3,0,0,0,0,1,0,1,2,0,0,1,0,4,3,4,0,4,10,4,2,5,31,53,68,54,69,93,74,84,114,130,120,114,124,143,162,181,166,168,216,189,215,209,237,202,242,254,264,244,275,284
0,0,0,0,0,0,0,0,0,1,0,0,0,0,2,2,3,0,0,0,0,3,1,6,0,3,10,5,2,6,31,54,67,55,67,90,73,82,115,129,119,114,123,141,162,181,165,169,213,188,216,207,235,201,241,255,261,242,274,281
0,0,0,0,0,0,0,0,0,0,0,0,0,0,2,0,0,0,0,0,0,6,1,5,0,2,10,3,1,9,33,53,68,54,67,93,74,84,117,130,119,116,122,141,162,185,165,171,214,189,214,209,237,205,242,253,265,244,277,281
0,0,0,0,0,0,0,0,0,0,0,0,0,0,3,0,2,0,0,1,0,6,0,9,2,1,11,5,1,8,34,56,67,58,66,90,73,84,117,130,122,115,120,139,162,185,163,169,212,187,214,208,235,204,242,255,263,244,278,278
0,0,0,0,0,0,0,0,0,0,0,0,0,0,2,0,0,0,1,1,0,6,0,7,2,0,9,5,2,10,37,56,67,59,66,91,75,85,116,129,122,115,122,140,163,185,167,172,215,189,212,211,236,206,243,254,264,245,279,278
0,0,0,0,0,0,0,0,0,0,0,0,0,0,1,0,0,1,0,0,0,6,0,8,3,0,9,5,4,10,35,56,65,59,63,89,74,82,118,127,124,114,122,138,161,185,166,170,214,189,212,210,234,203,241,254,261,248,277,279
0,0,0,0,0,0,0,0,0,0,0,0,0,0,1,2,0,0,2,0,0,6,0,6,1,1,8,4,6,14,36,56,66,59,65,89,76,83,118,128,122,114,125,138,160,186,167,173,214,190,213,213,237,203,242,252,261,249,279,283
0,0,0,0,0,0,0,0,0,0,0,0,0,1,1,1,0,1,2,1,0,6,0,8,2,1,8,5,8,15,33,56,66,60,62,89,74,82,116,129,121,113,127,136,160,188,166,173,212,189,212,212,234,201,240,252,260,248,276,282
0,0,0,0,0,0,0,0,0,0,0,0,2,1,1,0,0,0,1,0,0,9,0,6,1,1,8,5,10,16,33,55,66,59,64,91,77,83,116,129,120,114,128,136,161,187,166,177,217,189,216,212,235,205,241,252,263,248,277,283
0,0,0,0,0,0,0,0,0,0,0,0,0,0,1,0,0,0,2,0,0,8,0,6,2,1,8,4,9,16,31,59,66,59,64,88,77,81,114,129,122,112,127,134,161,187,167,177,217,187,217,209,233,207,240,252,262,246,277,282
0,0,0,0,0,0,0,0,0,0,0,0,0,0,0,0,0,0,1,0,0,8,0,4,1,0,6,2,9,15,32,59,67,57,65,89,80,83,114,128,122,112,126,135,161,187,168,180,220,192,217,210,236,210,241,253,265,249,279,282
0,0,0,0,0,0,0,0,0,0,0,0,0,0,0,0,0,0,0,0,0,8,0,5,2,1,7,2,10,15,30,60,64,58,64,88,77,81,113,130,122,113,127,134,163,189,167,178,219,191,218,210,236,210,240,255,263,247,278,280
0,0,0,0,0,0,0,0,0,1,0,0,0,0,0,0,0,0,0,0,0,8,0,4,0,2,9,6,8,15,30,59,65,61,65,91,77,83,113,129,121,112,128,137,163,188,169,180,221,191,217,211,238,212,240,257,264,251,281,280
0,0,0,0,0,0,0,0,0,0,0,0,0,0,0,0,0,0,0,0,2,7,0,7,1,1,9,7,11,15,28,59,62,61,64,89,75,81,113,129,121,112,130,134,163,188,166,181,218,188,218,208,237,210,237,259,265,253,279,280
0,0,0,0,0,0,0,0,0,0,0,0,0,0,0,1,0,2,0,0,6,8,1,4,0,1,7,7,9,19,32,59,63,60,65,91,75,83,115,131,121,113,131,134,162,187,169,182,220,189,218,208,240,211,237,258,267,256,280,281
0,0,0,0,0,0,0,0,0,0,0,0,0,0,0,1,0,2,2,0,4,7,0,5,1,0,10,8,10,17,31,58,61,60,63,91,75,84,115,132,123,115,130,133,161,186,166,180,218,186,221,205,238,210,235,258,266,253,280,280
0,0,0,0,0,0,0,0,0,0,0,0,0,0,0,0,0,2,1,0,5,6,0,4,1,0,10,7,9,16,34,56,61,59,64,91,80,85,115,133,123,114,130,135,161,187,166,182,222,188,220,205,242,211,236,259,266,258,281,283
0,0,0,0,0,0,0,0,0,0,0,0,0,0,0,0,0,2,0,0,3,5,0,4,2,0,9,8,8,15,33,56,58,59,62,90,79,85,113,133,123,112,131,133,160,187,164,179,219,187,220,203,240,211,233,260,265,256,280,281
0,0,0,0,0,0,0,0,0,0,0,0,0,0,0,0,0,3,0,0,4,5,0,2,1,0,8,8,8,16,35,55,59,59,63,91,81,87,113,132,124,112,135,135,159,185,166,179,220,191,221,205,244,214,235,258,265,257,280,282
0,0,0,0,0,0,0,0,0,0,0,1,0,0,0,0,0,1,0,0,1,5,0,5,1,1,8,9,10,15,34,55,60,59,60,90,78,84,113,131,125,111,135,134,159,186,165,178,219,189,221,203,242,211,233,260,264,255,280,279
0,0,0,0,0,0,0,0,0,0,0,0,0,3,0,1,0,0,0,0,3,6,1,2,1,1,8,8,8,18,34,56,61,58,60,92,79,88,113,134,123,112,135,134,160,184,167,179,220,192,220,204,247,215,233,260,265,256,281,281
0,0,0,0,0,0,0,0,0,0,0,0,0,2,0,0,0,0,0,0,3,6,1,2,3,2,10,7,9,17,34,55,60,59,60,89,79,86,111,133,126,114,134,133,158,186,167,178,218,191,220,202,246,215,234,259,263,254,281,279
0,0,0,0,0,0,0,0,0,0,0,0,0,1,0,0,0,0,1,0,6,7,0,1,0,2,9,8,7,16,35,55,62,60,63,89,80,87,113,132,125,115,136,133,157,185,168,178,220,193,218,204,247,217,237,259,267,255,283,280
0,0,0,0,0,0,0,0,0,0,0,0,0,1,0,0,0,0,0,0,5,8,0,3,2,4,11,11,6,16,34,58,64,60,63,86,79,84,114,131,126,115,135,132,156,189,169,176,217,193,219,204,246,217,237,261,266,254,280,280
0,0,0,0,0,0,0,0,0,0,0,0,0,0,0,2,0,0,0,1,6,7,0,2,0,4,10,9,5,16,34,58,65,58,66,88,82,86,113,133,126,117,135,135,156,188,170,180,218,196,218,208,247,220,238,260,267,257,282,282
0,0,0,0,0,0,0,0,0,0,0,0,0,0,0,1,0,0,0,0,5,9,0,2,0,4,9,9,5,19,31,58,62,64,67,87,81,84,114,133,127,115,135,133,156,188,168,180,215,196,221,208,245,218,236,262,265,257,280,279
0,0,0,0,0,0,0,0,0,0,0,0,0,0,0,2,1,0,0,2,5,10,0,1,0,7,8,8,5,19,31,56,62,63,68,90,84,86,114,133,125,115,134,135,157,187,170,181,216,197,221,210,245,221,238,261,270,257,282,281
0,0,0,0,0,0,0,0,0,0,0,0,0,0,0,1,0,0,2,1,2,8,0,1,0,6,8,8,5,17,30,55,60,63,69,89,81,83,113,131,125,114,134,136,156,188,169,180,214,195,222,207,246,221,237,261,269,257,280,281
0,0,0,0,0,0,0,0,0,0,0,0,0,0,0,0,0,0,1,2,4,7,0,0,0,5,7,7,3,18,30,54,61,63,71,91,84,87,113,132,123,114,134,139,156,186,170,180,216,195,220,209,247,222,239,261,271,257,285,281
0,0,0,0,0,0,0,0,0,0,0,0,0,0,0,0,0,0,2,0,2,6,0,0,0,4,8,9,5,16,29,55,59,64,70,89,86,85,114,130,123,114,133,142,155,187,169,181,215,194,220,208,245,220,237,261,271,255,282,280
0,0,0,0,0,0,0,0,0,0,0,0,0,0,2,0,0,0,0,0,5,6,0,0,0,3,9,9,5,17,32,54,61,66,70,90,88,86,117,129,122,114,133,143,155,186,169,183,215,198,218,209,245,220,238,262,271,257,283,283
0,0,0,0,0,0,0,0,0,1,0,0,0,0,1,0,0,0,0,0,2,4,1,1,0,3,11,8,4,16,31,54,58,67,68,88,86,83,117,129,122,113,133,140,153,185,170,181,214,199,217,207,242,218,237,266,268,258,281,282
0,0,0,0,0,0,0,0,0,0,0,0,0,0,1,0,0,0,0,0,3,4,0,2,4,3,13,7,3,16,32,53,60,65,70,91,88,84,117,129,121,112,133,141,153,185,173,182,219,200,219,209,244,221,241,266,269,261,285,283
0,0,0,0,0,0,0,0,0,0,1,0,0,1,0,0,0,0,1,0,1,2,0,1,4,2,13,7,3,17,29,52,57,66,67,89,86,83,118,128,120,111,132,139,151,184,172,183,218,198,222,206,244,220,239,269,267,259,285,281
0,0,0,0,0,0,0,0,0,0,0,0,0,0,0,0,0,0,0,0,2,3,0,2,6,4,13,6,2,18,32,52,57,64,69,90,90,83,120,129,121,112,132,142,152,185,176,185,220,199,222,208,247,221,240,269,268,264,286,284
0,0,0,0,0,0,0,0,0,0,0,0,0,0,0,0,0,0,0,0,1,2,0,0,5,4,14,6,2,22,31,52,54,63,66,87,88,83,119,127,121,112,133,141,154,184,174,182,218,197,221,205,245,219,238,268,267,262,285,282
0,0,0,0,0,0,0,0,0,0,0,0,0,0,0,0,0,0,0,0,3,3,0,2,7,3,13,5,1,21,31,53,54,65,67,88,91,84,120,126,121,113,134,143,157,184,175,184,220,200,219,207,246,221,241,266,269,265,288,282
0,0,0,0,0,0,0,0,0,0,0,2,0,0,0,0,0,0,0,0,3,2,0,3,6,2,14,6,1,20,29,53,53,66,64,86,88,82,119,126,120,114,133,141,155,184,174,183,218,198,220,205,246,219,240,267,269,262,287,280
0,0,0,0,0,0,0,0,0,0,0,0,0,0,0,0,0,0,0,0,4,4,1,5,10,2,13,4,0,20,32,52,56,66,67,87,89,86,118,126,121,115,133,145,158,183,177,184,219,200,220,205,247,222,244,268,272,262,290,284
0,0,0,0,0,0,0,0,0,0,0,2,0,0,0,0,0,0,0,0,2,3,2,5,9,0,13,6,2,19,30,52,55,67,67,85,86,85,117,125,122,116,132,144,157,184,175,184,218,201,220,203,246,220,241,271,271,261,290,283
0,0,0,0,0,0,0,0,0,0,0,0,0,0,0,0,1,0,0,0,2,4,1,4,10,1,12,5,1,18,30,50,56,67,69,87,86,85,116,125,120,116,133,147,157,183,176,185,222,204,220,203,248,220,243,270,271,263,292,283
0,0,0,0,0,0,0,0,0,0,0,0,0,0,0,0,2,0,0,0,2,4,0,2,8,0,12,8,3,18,29,49,56,67,67,84,85,84,116,124,122,115,134,146,155,184,173,182,219,202,222,208,246,219,241,270,270,261,291,281
0,0,0,0,0,0,0,0,0,0,0,0,0,0,0,0,3,0,0,0,2,3,0,2,8,1,12,7,3,20,30,47,58,65,68,86,85,85,117,126,121,114,135,151,155,184,173,186,223,202,224,210,248,220,245,269,273,263,291,282
0,0,0,0,0,0,0,0,0,0,0,0,0,0,0,0,5,0,1,0,0,1,0,1,8,0,13,7,3,20,29,48,55,66,66,84,82,86,115,127,124,116,134,152,154,183,172,186,222,200,223,209,246,220,245,269,273,260,291,281
0,0,0,0,0,0,0,0,0,0,0,0,0,0,0,0,4,0,1,0,1,3,0,2,8,0,12,8,5,20,30,48,57,67,68,85,84,88,115,128,123,115,135,152,153,183,173,188,223,204,221,211,248,221,247,269,275,262,292,283
0,0,0,0,0,0,0,0,0,0,0,0,0,0,0,0,5,0,0,0,0,1,2,1,9,0,14,9,5,20,28,48,57,69,66,85,83,87,113,126,125,114,134,151,152,183,174,189,223,201,220,209,247,219,246,269,273,259,290,281
0,0,0,0,0,0,0,0,0,0,0,0,0,0,0,0,3,0,0,0,0,1,0,0,12,0,13,7,5,20,31,48,59,69,67,86,84,87,113,126,125,113,136,152,154,182,176,190,225,202,220,211,247,220,247,268,275,260,293,281
0,0,0,0,0,0,0,0,0,1,0,0,1,1,0,0,4,0,0,1,0,0,1,0,9,0,14,7,5,19,28,48,57,68,66,86,82,85,112,126,126,111,136,151,153,181,173,192,224,204,219,211,245,220,246,270,278,263,290,278
0,0,0,0,0,0,0,0,0,0,0,0,1,1,0,0,3,0,0,2,0,1,0,0,9,0,15,7,3,21,30,47,58,67,69,87,85,87,113,127,126,111,135,153,152,181,175,194,226,205,217,214,245,220,247,273,279,264,290,279
0,0,0,0,0,0,0,0,0,0,0,0,0,0,0,0,6,0,1,1,0,2,2,0,7,0,16,8,2,21,30,49,57,67,67,88,85,86,112,128,127,111,134,151,153,182,172,194,224,203,217,211,244,220,245,274,277,263,290,278
0,0,0,0,0,0,1,0,0,0,0,0,0,0,0,0,3,0,0,1,0,0,0,0,8,0,16,7,0,23,32,48,58,66,69,91,86,88,113,128,127,111,133,154,154,180,172,197,224,207,216,214,245,221,245,272,279,264,292,282
0,0,0,0,0,0,0,0,0,0,0,0,0,0,0,0,6,0,0,0,0,0,1,0,6,0,15,8,0,22,29,50,56,67,68,90,84,86,113,130,129,111,134,155,154,182,171,196,225,206,218,212,247,218,245,273,278,264,289,280
0,0,0,0,0,0,0,0,0,0,0,0,0,0,0,0,3,0,0,0,0,0,0,0,7,0,14,9,3,23,31,49,57,67,68,90,85,89,113,130,127,111,135,157,156,183,175,200,225,209,219,214,248,221,249,274,281,266,294,283
0,0,0,0,0,0,0,0,0,0,0,0,0,0,0,0,5,0,0,1,0,1,1,0,4,0,15,8,3,23,28,49,57,66,65,87,83,87,112,128,127,112,135,154,157,182,174,198,224,208,219,216,246,219,248,277,279,266,293,282
0,0,0,0,0,0,0,0,0,0,0,0,0,0,0,1,3,0,0,0,0,1,0,0,6,0,13,6,1,24,32,48,57,66,66,87,85,88,111,128,128,111,135,155,156,180,176,200,226,209,220,217,248,223,251,275,284,267,295,283
0,0,0,0,0,0,0,0,0,0,0,0,0,0,0,0,4,0,0,0,1,1,0,0,5,0,14,6,2,25,29,50,57,65,64,89,84,86,109,127,127,111,133,152,159,180,174,198,224,207,220,214,246,221,250,277,281,266,292,281
0,0,0,0,0,0,0,0,0,0,0,0,0,0,0,1,2,0,0,0,1,0,0,0,6,0,13,7,2,26,31,50,60,64,65,92,84,89,113,128,127,111,132,152,159,179,174,198,225,208,219,215,247,223,252,275,282,267,293,285
0,0,0,0,0,0,0,0,0,0,0,0,0,0,0,0,2,0,0,0,1,0,0,0,4,1,12,6,3,25,29,50,57,63,62,89,82,87,113,128,127,111,133,149,160,181,174,196,225,206,218,213,245,223,249,274,281,265,293,283
0,0,0,0,0,0,0,0,0,0,0,1,0,0,0,0,0,0,0,0,0,0,1,0,5,0,13,7,5,27,31,49,58,61,62,90,83,87,113,128,127,111,133,152,161,181,178,199,225,207,216,214,247,226,252,274,282,267,295,288
0,0,0,0,0,0,0,0,0,0,0,0,0,0,0,0,0,1,1,0,0,1,1,0,4,0,14,8,4,26,29,49,56,63,59,89,81,86,115,128,129,111,131,150,159,182,175,198,223,207,217,216,246,225,251,273,280,269,293,286
0,0,0,0,0,0,0,0,0,0,0,0,0,0,0,0,0,1,0,0,0,0,0,0,5,0,12,11,2,25,29,48,57,64,60,90,84,88,114,128,127,110,134,151,160,182,177,200,224,207,217,217,247,225,251,272,281,273,293,286
0,0,0,0,0,0,0,0,0,0,0,0,0,0,0,0,0,0,0,0,0,0,2,0,3,0,12,12,4,27,26,49,54,64,57,88,82,86,112,128,127,109,134,148,158,183,174,198,222,207,218,215,245,224,249,274,280,271,293,283
0,0,0,0,0,0,0,0,0,0,0,0,1,0,0,0,0,0,0,0,0,0,1,1,4,0,11,10,5,28,28,47,55,64,58,90,87,87,112,129,126,109,133,149,160,182,176,200,224,208,217,218,247,225,249,273,283,274,295,284
0,0,0,0,0,0,0,0,0,0,0,0,2,0,0,0,0,1,0,0,0,0,1,0,1,1,11,10,4,27,26,47,52,65,56,89,87,84,114,128,126,111,133,147,159,182,174,197,222,205,217,218,246,224,247,273,282,273,294,282
0,0,0,0,0,0,0,0,0,0,2,0,0,0,0,0,0,3,0,0,0,0,2,0,3,0,10,9,4,26,28,47,52,63,56,91,89,84,116,129,125,111,135,147,161,181,175,197,223,207,215,220,249,226,250,272,284,273,295,284
0,0,0,0,0,0,0,0,0,0,1,0,0,0,0,0,0,0,0,0,1,0,3,0,1,3,11,9,5,26,27,47,50,63,58,88,88,84,116,129,126,110,135,147,161,181,173,195,223,204,215,217,249,223,247,272,281,271,296,283
0,0,0,0,0,0,0,0,0,0,1,0,0,0,0,0,0,2,0,1,2,1,1,0,1,1,11,8,3,27,28,46,50,62,60,88,88,86,117,130,127,110,136,150,160,180,174,196,224,205,213,218,250,225,247,272,283,271,297,283
0,0,0,0,0,0,0,0,0,0,1,0,0,0,0,0,0,0,0,0,0,3,1,0,0,2,10,7,3,26,27,45,51,62,59,87,87,84,115,129,129,112,134,148,161,182,174,193,221,206,213,217,247,224,249,271,281,268,294,283
0,0,0,0,0,0,0,0,0,0,0,1,0,0,0,0,0,0,0,0,1,2,0,0,0,2,9,7,1,25,28,44,51,62,60,89,88,86,116,129,129,113,133,148,161,184,177,196,223,206,212,218,248,227,250,270,283,271,298,286
0,0,0,0,0,0,0,0,0,0,0,1,0,0,0,0,0,0,0,0,0,4,1,0,0,3,10,8,1,24,27,44,48,62,59,88,88,83,115,127,128,112,133,145,161,186,176,194,220,204,212,220,247,224,250,273,280,271,297,284
0,0,0,0,0,0,0,0,0,0,0,0,0,0,0,0,0,0,0,0,0,3,0,0,0,0,10,11,2,25,29,42,50,62,61,90,90,83,117,127,129,111,134,146,162,185,176,195,221,205,210,222,248,226,250,271,281,274,297,286
0,0,0,0,0,0,0,0,0,0,0,0,0,0,0,0,0,0,0,0,0,5,2,0,2,0,13,11,2,26,27,42,48,63,63,88,89,81,116,125,129,111,132,144,160,187,177,195,219,203,211,221,247,225,248,271,281,273,296,283
0,0,0,0,0,0,0,0,0,0,0,0,0,0,0,0,0,0,0,1,0,2,3,0,6,0,12,10,1,26,28,43,49,62,66,92,93,82,116,126,127,112,131,147,161,187,179,196,221,205,212,222,248,227,248,270,283,274,299,284
0,0,0,0,0,0,0,0,0,0,0,0,0,0,0,0,1,0,0,2,0,4,4,2,5,0,11,10,2,25,28,43,47,64,64,94,91,81,115,126,129,114,133,146,160,186,180,195,220,203,212,220,246,227,245,270,281,275,296,281
0,0,0,0,0,0,0,0,0,0,0,0,0,0,0,0,1,0,0,1,0,2,6,2,6,0,10,11,0,26,29,42,47,66,65,95,93,84,116,127,129,115,135,148,161,188,180,196,222,204,212,225,249,229,246,270,282,279,297,283
0,0,0,0,0,0,0,0,0,0,0,0,0,0,0,0,0,1,0,0,0,2,5,3,5,0,10,10,3,28,28,45,45,65,64,97,91,83,115,125,128,114,134,146,161,188,178,193,219,202,212,226,248,230,246,270,281,277,294,283
0,0,0,0,0,0,0,0,0,0,0,0,0,0,0,0,0,0,0,0,0,0,5,3,4,0,8,11,1,28,30,43,48,65,66,98,93,84,115,125,127,115,134,150,161,187,178,193,219,205,212,227,252,231,248,268,282,278,295,285
0,0,0,0,0,0,0,0,0,0,0,0,0,0,0,0,0,0,0,0,0,1,4,4,4,0,9,14,3,29,29,43,47,67,64,96,90,84,113,125,129,115,133,149,159,186,175,191,217,202,214,228,250,230,247,270,281,276,295,285
0,0,0,0,0,0,0,0,0,0,0,0,0,0,0,0,0,0,0,0,0,0,5,6,3,0,8,13,1,29,31,46,50,65,67,100,90,85,113,127,128,115,132,149,160,185,177,192,221,203,214,230,254,233,248,268,284,277,295,286
0,0,0,0,0,0,0,0,0,0,0,0,0,0,0,0,0,0,0,0,0,0,5,5,3,0,7,15,2,27,30,47,48,64,64,99,89,83,112,128,127,115,131,148,160,184,174,192,219,202,215,227,251,232,246,268,282,275,295,285
0,0,0,0,0,0,0,0,0,0,0,0,0,0,0,0,0,0,0,0,0,0,5,4,1,0,7,14,0,28,30,50,49,63,64,103,90,84,112,130,130,115,133,149,162,185,174,192,219,205,215,228,254,233,249,267,284,277,297,287
0,0,0,0,0,0,0,0,0,0,0,0,0,0,0,0,0,0,0,0,0,0,5,5,4,0,6,14,1,29,28,49,47,64,62,103,88,83,111,130,129,115,132,147,161,187,171,190,217,203,215,226,251,232,248,267,282,277,297,284
0,0,0,0,0,0,0,0,0,0,0,0,0,0,0,0,0,0,0,0,0,0,6,3,3,0,4,13,1,31,28,48,48,64,63,104,89,84,114,131,128,114,132,148,164,186,173,190,219,205,215,226,252,235,250,267,284,278,299,285
0,0,0,0,0,0,0,0,0,0,0,0,0,0,0,0,0,0,0,0,2,0,7,3,4,0,3,13,2,29,26,52,46,64,60,102,87,82,113,130,128,114,132,145,163,186,173,189,217,203,215,225,251,232,252,267,283,278,298,284
0,0,0,0,0,0,0,0,0,0,0,0,0,0,0,0,0,3,0,0,1,0,5,2,3,0,5,13,1,30,29,51,47,64,65,103,89,84,114,130,128,115,133,146,168,185,177,191,218,205,215,225,254,234,252,266,284,278,298,284
0,0,0,0,0,0,0,0,0,0,0,0,0,0,0,0,1,0,0,0,1,0,6,4,3,0,6,12,0,32,27,50,45,65,63,103,87,82,113,131,131,115,131,144,167,185,174,190,216,202,215,226,251,232,250,266,284,277,295,284
0,0,0,0,0,0,0,0,0,0,0,0,0,0,0,0,0,2,0,0,2,0,7,2,2,0,5,10,0,33,29,50,47,67,63,103,87,82,115,132,131,118,132,145,168,185,177,194,219,203,214,226,253,235,251,266,286,277,299,285
0,0,0,0,0,0,0,0,0,0,0,0,0,0,0,0,0,1,0,0,3,0,9,2,2,0,5,9,0,34,26,52,44,67,63,100,85,81,116,134,132,116,133,144,166,185,174,196,217,201,216,225,250,235,251,265,284,275,297,283
0,0,0,0,0,0,0,0,0,0,0,0,0,0,0,0,0,2,0,0,3,0,7,1,4,0,4,8,0,35,30,50,45,67,63,100,89,86,116,135,130,115,135,145,166,183,174,196,218,202,214,226,250,237,251,264,286,276,298,283
0,0,0,0,0,0,0,0,0,0,0,0,0,0,0,0,1,0,0,0,3,0,7,2,3,0,4,10,0,36,29,50,42,67,60,99,89,85,116,136,130,116,133,146,167,182,172,196,217,200,213,223,249,236,249,265,286,275,296,283
0,0,0,0,0,0,0,0,0,0,0,0,0,0,1,3,0,2,1,0,3,2,5,0,4,0,2,12,0,36,34,48,45,66,60,101,90,87,117,136,129,120,133,147,167,183,174,197,218,201,214,224,249,239,251,264,289,276,297,283
0,0,0,0,0,0,0,0,0,0,0,3,0,0,0,1,1,0,2,0,2,0,6,1,5,0,2,12,0,36,33,48,44,66,61,98,88,85,116,138,129,118,135,146,166,185,171,194,218,201,215,224,248,237,251,263,287,274,296,281
0,0,0,0,0,0,0,0,0,0,0,1,0,0,0,2,0,1,0,0,1,0,5,1,4,0,2,10,0,37,34,48,44,66,61,102,89,87,118,138,128,118,135,148,165,184,173,195,220,202,215,226,250,238,252,262,291,275,297,282
0,0,0,0,0,0,0,0,0,0,0,0,0,0,0,1,0,0,0,2,1,0,6,1,5,0,3,9,0,37,33,47,43,65,59,102,89,87,118,138,129,118,135,146,164,184,172,195,219,200,214,223,247,235,249,261,288,273,298,279
0,0,0,0,0,0,0,0,0,0,0,0,0,0,0,0,0,2,0,0,2,0,7,2,6,0,1,8,2,39,36,45,45,63,61,104,90,89,119,138,128,119,137,147,166,183,175,196,219,204,214,226,247,237,250,262,289,275,299,279
0,0,0,0,1,0,0,0,0,0,0,0,0,0,0,0,0,2,0,1,1,0,8,1,5,0,1,8,3,38,36,46,42,63,58,102,89,88,118,138,129,119,135,149,165,184,174,195,219,203,215,224,245,236,249,262,289,276,298,278
0,0,0,0,0,0,0,0,0,0,0,0,1,0,0,0,0,4,1,0,1,0,10,1,5,1,2,6,6,39,38,44,43,64,61,104,92,90,118,138,131,119,138,150,165,184,176,195,226,203,214,224,247,239,251,264,291,277,300,279
0,0,0,0,0,0,0,0,0,0,0,1,1,0,0,0,0,3,0,2,0,1,10,3,5,1,1,5,6,37,37,46,42,66,59,101,90,88,116,138,130,119,138,150,165,184,173,193,225,201,213,223,245,236,250,266,289,278,299,277
0,0,0,0,0,0,0,0,0,0,0,0,0,0,0,0,0,2,0,2,2,2,9,3,3,0,0,6,5,37,37,46,43,64,61,103,90,91,115,137,130,119,137,154,166,182,173,196,225,204,214,225,247,237,250,268,290,281,301,279
0,0,0,0,0,0,0,0,0,0,0,0,0,0,0,1,2,0,0,1,0,0,9,5,2,0,0,6,5,37,36,46,42,66,59,102,87,89,115,137,130,119,136,152,165,183,175,195,224,201,213,224,244,236,249,268,289,279,300,277
0,0,0,0,0,0,0,0,0,0,0,0,0,0,0,0,0,0,0,3,0,2,7,5,0,0,0,6,5,40,39,47,44,66,61,105,88,90,116,139,129,119,138,154,167,187,176,197,225,206,212,226,249,239,251,269,289,281,302,278
0,0,0,0,0,0,0,0,0,0,0,0,0,0,0,1,1,0,0,3,0,3,6,4,4,0,0,5,6,38,37,48,43,68,60,105,88,90,118,137,130,120,139,151,165,188,175,197,225,203,213,225,247,238,248,268,286,278,300,275
0,0,0,0,0,0,0,0,0,0,0,0,0,0,0,3,2,0,0,4,1,6,5,5,3,1,0,6,6,39,39,48,46,66,60,106,91,92,117,139,130,122,138,152,164,189,180,201,227,209,211,227,247,241,250,268,289,279,301,278
0,0,0,0,0,0,0,0,0,0,0,0,0,0,0,4,1,0,0,4,1,4,4,4,3,1,0,5,9,40,37,47,44,66,57,105,90,90,116,138,130,122,137,149,165,189,179,201,225,209,212,226,245,240,248,269,286,279,300,276
0,0,0,0,0,0,0,0,0,0,0,0,0,0,0,3,0,0,0,4,2,6,2,5,3,2,2,5,9,39,38,47,46,64,58,105,92,92,116,137,131,122,137,151,167,188,179,204,227,210,212,229,246,242,251,269,290,280,301,278
0,0,0,0,0,0,0,0,0,0,0,0,0,0,0,2,0,0,0,3,3,5,5,4,6,0,3,4,10,39,36,47,43,64,56,105,91,92,116,137,130,125,135,150,165,187,176,203,224,208,213,229,245,239,250,269,288,278,302,277
0,0,0,0,0,0,0,0,0,0,0,0,0,0,0,3,0,2,0,3,3,5,3,4,7,0,4,3,9,41,38,45,46,62,56,106,94,93,118,140,128,125,136,152,166,187,178,207,224,209,211,232,245,243,252,270,292,278,303,278
0,0,0,0,0,0,0,0,0,0,0,0,0,0,0,1,0,1,0,3,2,3,3,3,6,0,4,3,10,39,35,47,44,62,56,105,94,91,117,139,127,129,136,151,165,187,175,206,222,207,210,234,246,240,254,269,292,279,301,277
0,0,0,0,0,0,0,0,0,0,0,0,1,0,0,0,0,2,0,4,1,3,2,2,5,0,5,5,8,39,38,49,47,61,57,106,96,93,116,140,125,129,137,154,166,186,177,206,223,209,210,234,247,242,256,269,294,280,302,278
0,0,0,0,0,0,0,0,0,0,0,0,0,0,0,0,0,2,0,2,0,1,2,1,4,1,5,6,7,38,37,50,48,62,55,105,95,92,117,139,125,127,138,152,167,190,177,203,222,209,211,232,246,240,256,270,295,278,299,278
0,0,0,0,0,0,0,0,0,0,0,0,2,0,0,0,0,1,0,2,0,2,2,1,2,2,4,8,6,40,37,49,48,61,56,106,97,92,116,139,127,127,141,152,167,189,179,203,224,211,210,234,247,241,256,270,296,279,303,281
0,0,0,0,0,0,0,0,0,0,0,0,1,0,0,0,0,0,1,0,0,0,2,3,2,1,6,7,7,41,35,48,46,63,54,106,97,91,118,138,127,126,141,151,168,188,180,202,221,210,211,235,249,240,255,269,293,279,302,278
0,0,0,0,0,0,0,0,1,0,0,1,0,0,0,0,0,0,1,0,0,0,0,3,2,0,5,7,11,42,36,48,48,62,55,107,97,92,119,143,127,127,143,151,168,188,180,202,222,211,212,236,252,241,255,268,293,279,303,282
0,0,0,0,0,0,0,0,1,0,0,2,0,0,0,0,1,0,2,0,2,0,0,3,3,0,5,7,10,42,36,47,45,62,54,106,95,92,118,143,130,128,141,148,167,187,178,201,222,210,212,234,250,240,255,268,292,277,304,280
0,0,0,0,0,0,0,0,1,0,0,0,0,0,0,0,0,0,0,2,0,1,1,1,1,0,5,8,8,45,38,48,48,60,54,107,97,96,119,143,129,129,144,148,167,188,179,204,224,210,212,235,250,241,258,267,294,279,306,280
0,0,0,0,0,0,0,0,0,0,0,0,0,0,0,0,0,0,0,0,1,0,3,4,3,0,7,8,10,45,35,48,48,61,53,104,95,94,117,142,130,130,142,149,166,188,179,202,222,211,213,235,248,240,256,269,294,277,304,279
0,0,0,0,0,0,0,0,0,0,0,0,0,0,0,0,0,0,0,0,3,1,3,4,6,1,6,8,10,44,36,48,49,62,57,107,97,95,116,144,130,129,144,149,165,187,179,204,223,212,212,235,250,241,257,269,295,278,306,280
0,0,0,0,0,0,0,0,0,0,0,1,0,0,0,0,0,0,0,0,3,0,4,5,6,0,6,8,11,42,34,47,46,63,58,107,95,97,114,142,131,128,143,146,165,188,177,201,223,211,211,236,252,240,257,268,293,277,306,280
0,0,0,0,0,0,0,0,0,0,0,0,0,0,0,0,0,0,0,0,4,0,4,4,4,0,5,9,9,41,35,48,46,63,61,110,97,97,115,144,129,128,142,147,166,188,178,202,224,212,211,239,253,240,262,270,295,279,308,284
0,0,0,0,0,0,0,0,0,0,0,0,0,0,0,0,1,0,0,0,4,0,3,5,3,0,4,10,9,40,34,49,43,63,59,107,100,94,114,144,131,128,142,145,167,187,178,201,223,210,212,236,254,240,262,270,293,277,305,283
0,0,0,0,0,0,0,0,0,0,0,0,0,0,0,0,0,0,0,0,3,0,2,5,2,0,3,9,11,44,36,50,43,62,63,110,101,96,114,145,130,130,142,147,167,185,180,202,226,211,211,239,256,243,262,270,294,278,306,283
0,0,0,0,0,0,0,0,0,0,0,0,0,0,2,0,0,0,0,0,5,1,1,5,3,0,2,8,12,44,34,49,42,64,63,109,102,95,113,146,130,130,143,145,165,184,177,202,226,209,212,236,256,241,259,269,292,276,303,282
0,0,0,0,0,0,0,0,0,0,0,0,0,0,3,0,0,0,0,0,3,0,0,3,2,0,3,9,10,44,37,48,43,63,63,109,103,96,112,145,129,130,143,147,166,184,177,204,227,210,211,237,256,244,260,268,295,279,306,285
0,0,0,0,0,0,0,0,0,0,0,0,0,0,4,0,0,0,0,1,2,0,1,4,3,1,2,12,9,43,34,49,41,64,63,107,102,95,111,143,130,130,141,145,167,184,176,202,225,209,214,234,255,243,258,271,293,278,305,283
0,0,0,0,0,0,0,0,0,0,1,0,0,0,3,0,0,0,0,0,0,0,1,2,5,0,2,10,9,43,36,49,45,65,65,108,103,97,112,144,132,130,142,148,166,183,178,203,226,210,214,234,257,246,258,271,293,279,305,283
0,0,0,0,0,0,0,0,1,0,0,0,0,0,1,0,0,0,0,0,0,0,0,2,5,0,3,10,10,42,34,49,44,64,64,105,104,95,112,142,133,130,144,145,165,184,177,202,224,208,213,232,254,243,258,272,292,280,302,280
0,0,0,0,0,0,0,0,0,0,0,0,0,0,2,0,0,0,0,0,0,0,0,1,5,0,2,10,12,41,38,48,44,62,64,105,105,96,114,142,135,131,143,145,166,182,177,203,224,210,215,233,256,245,258,271,293,281,305,283
0,0,0,0,0,0,0,0,0,0,0,0,0,0,0,0,0,0,0,0,0,0,0,0,7,2,1,10,14,40,35,48,42,62,61,102,106,95,112,140,136,130,146,143,165,183,177,201,224,208,217,233,254,245,256,273,292,279,303,283
0,0,0,0,0,0,0,0,0,0,0,0,0,0,1,1,0,0,0,2,0,1,0,0,7,2,1,10,15,41,36,47,44,61,63,102,108,95,114,139,137,129,148,143,167,184,182,201,225,210,216,233,254,247,256,274,292,282,304,284
0,0,0,0,0,0,0,0,0,0,0,0,0,0,0,0,0,0,0,0,0,0,0,0,6,2,1,9,15,42,34,49,42,61,62,102,105,94,113,137,138,128,148,141,167,183,179,199,224,208,216,232,253,248,253,274,291,281,301,283
0,0,0,0,0,0,0,0,0,0,0,0,0,0,0,0,1,0,0,0,3,0,0,0,5,0,0,10,16,42,34,49,44,62,64,105,106,95,112,137,137,130,149,144,169,183,183,199,227,208,215,233,253,250,255,274,294,282,302,283
0,0,0,0,0,0,0,0,0,0,0,0,0,0,0,2,0,0,0,0,3,0,0,0,6,1,0,12,19,42,35,50,43,63,64,102,104,93,111,136,138,131,148,144,168,182,181,199,226,208,217,233,251,248,253,274,292,280,301,280
0,0,0,0,0,0,0,0,0,0,0,0,0,0,0,0,0,0,0,0,4,0,1,0,7,0,1,14,18,42,36,51,44,62,66,102,107,93,110,138,138,132,147,146,170,180,183,203,227,213,217,234,251,249,253,274,292,282,302,282
0,0,0,0,0,0,0,0,0,0,0,0,0,0,0,0,0,0,0,0,3,0,2,0,7,0,0,13,18,42,34,51,42,62,65,102,106,91,111,139,138,130,145,143,168,180,182,203,224,212,216,232,251,248,252,274,290,282,301,279
0,0,0,0,0,0,0,0,0,0,0,0,0,0,0,0,1,0,0,0,3,1,4,2,7,3,0,12,17,41,36,51,42,63,68,102,108,91,113,140,139,130,144,146,170,180,182,204,225,212,217,236,251,248,254,276,291,284,302,281
0,0,0,0,0,0,0,0,0,0,0,0,0,0,1,0,1,0,0,0,2,0,5,2,8,3,0,13,17,40,34,51,41,64,66,100,106,90,113,138,140,130,143,143,170,180,179,202,224,210,217,236,251,246,253,276,290,282,300,281
0,0,0,0,0,0,0,0,0,0,0,0,0,0,1,0,2,0,0,0,1,0,4,4,6,4,0,13,16,40,38,52,43,65,68,101,108,92,112,137,140,130,143,145,170,180,180,203,224,211,216,238,254,248,257,275,291,285,304,282
0,0,0,0,0,0,0,0,0,1,0,0,0,0,0,0,2,0,0,0,0,0,4,3,6,5,0,12,17,39,37,51,41,64,66,99,108,93,110,137,143,128,142,143,168,179,179,203,225,211,216,237,253,245,256,278,290,283,302,279
0,0,0,0,0,0,0,0,0,0,0,0,1,0,0,0,1,0,0,0,0,0,2,5,4,5,1,14,17,38,40,49,43,63,67,100,112,95,113,136,141,128,145,147,168,178,180,204,225,213,216,237,256,248,257,276,290,286,304,279
0,0,0,0,0,0,0,0,0,0,0,0,0,0,0,0,0,1,0,0,0,1,5,5,7,4,6,13,16,37,38,49,41,64,64,97,110,93,112,137,140,129,145,147,167,177,179,203,223,211,218,234,254,248,258,275,288,283,301,279
0,0,0,0,0,0,0,0,0,0,0,0,0,0,0,0,0,0,0,0,0,1,4,4,7,4,6,11,16,39,39,50,44,65,64,102,112,95,111,138,139,128,144,148,167,178,179,205,224,212,218,234,254,251,259,274,290,285,301,279
0,0,0,0,0,0,0,0,0,0,0,0,0,1,0,0,0,0,0,0,0,0,5,3,6,3,7,11,17,40,41,53,44,65,66,100,109,94,109,137,139,127,144,147,168,178,178,204,224,212,217,234,252,249,257,276,288,286,299,277
0,0,0,0,0,0,0,0,0,0,0,0,0,3,0,0,0,0,0,0,0,0,5,3,4,4,8,11,16,39,41,53,45,64,67,100,112,95,110,138,138,126,145,148,168,178,180,206,227,215,217,236,255,249,258,275,289,286,305,281
0,0,0,0,0,0,0,0,0,0,0,0,0,1,0,0,0,0,0,0,1,1,5,2,4,4,13,10,18,40,40,55,42,65,65,100,111,92,111,139,140,127,145,149,166,181,177,203,225,216,219,235,255,247,257,276,286,284,304,280
0,0,0,0,0,0,0,0,0,0,1,0,0,2,0,0,0,0,0,0,0,0,4,1,3,4,12,9,18,41,40,53,44,67,68,103,112,93,111,140,139,126,144,150,167,182,181,205,227,218,218,236,257,250,257,275,288,287,305,280
0,0,0,0,0,0,0,0,0,0,0,0,0,0,0,0,0,0,2,0,0,0,6,0,3,7,13,8,17,39,38,52,45,67,65,101,110,90,113,140,139,126,144,150,166,182,181,204,224,215,220,235,255,248,256,276,288,285,303,279
0,0,0,0,0,0,0,0,0,0,0,0,0,0,0,0,0,0,2,0,0,0,5,1,2,6,11,7,17,39,39,51,45,68,67,107,113,93,113,140,138,127,147,152,166,183,182,205,225,217,218,237,258,251,258,275,291,290,308,280
0,0,0,0,0,0,0,0,0,0,0,0,0,0,0,0,0,0,0,0,0,0,6,0,5,8,10,9,19,39,40,50,45,69,65,105,110,91,113,138,137,128,146,150,166,186,180,204,225,215,219,237,256,250,256,274,292,291,306,279
0,0,0,0,0,0,0,0,0,0,0,0,0,0,0,0,0,0,0,0,0,0,5,1,4,6,8,8,18,41,40,50,46,67,66,107,114,92,113,137,135,127,146,152,165,185,182,204,227,219,219,238,257,250,258,275,292,292,307,280
0,0,0,0,0,0,0,0,0,0,0,0,0,0,0,0,0,0,0,0,0,0,5,1,5,5,11,8,17,41,37,51,44,67,64,107,115,90,115,136,137,126,144,150,166,185,180,202,225,216,218,235,257,248,256,276,290,290,305,281
0,0,0,0,0,0,0,0,0,0,0,0,0,0,0,0,0,0,0,1,0,0,7,2,6,7,10,9,17,42,38,52,44,67,68,109,120,91,117,135,138,128,146,151,168,183,181,203,226,216,217,236,261,248,258,277,294,290,307,285
0,0,0,0,0,0,0,0,0,0,0,0,0,0,0,0,1,0,0,1,0,0,7,1,6,7,11,10,22,40,35,53,44,69,68,107,118,88,115,133,138,127,145,151,166,184,178,201,226,217,218,235,260,247,257,278,292,288,305,282
0,0,0,0,0,0,0,0,0,0,0,0,0,0,0,0,0,0,0,0,0,0,5,0,6,7,9,10,22,39,38,51,45,69,69,109,119,89,115,133,140,129,145,153,169,183,178,204,227,219,220,235,260,248,259,282,292,291,306,284
0,0,0,0,0,0,0,0,0,0,0,0,0,0,0,0,0,0,0,0,0,0,5,0,6,6,8,10,22,38,37,52,44,69,69,106,117,91,115,133,140,129,146,152,168,183,177,202,225,218,223,234,263,245,259,282,290,293,305,282
0,0,0,0,0,0,0,0,0,0,0,0,0,2,0,0,0,0,0,0,1,0,3,0,6,5,6,10,22,38,41,52,46,68,69,107,119,92,115,132,140,131,146,158,170,182,182,202,226,220,225,235,265,245,261,282,291,293,308,282
0,0,0,0,0,0,0,0,0,0,0,0,1,0,0,0,0,0,0,0,2,0,3,0,6,5,9,9,22,37,40,54,45,69,67,105,117,90,115,131,139,131,144,159,170,185,180,200,223,218,224,234,265,244,258,282,290,292,305,279
0,0,0,0,0,0,0,0,0,0,0,0,1,1,0,0,0,0,0,0,0,0,3,0,8,3,8,7,21,38,42,52,45,69,68,106,117,92,115,132,137,135,144,160,169,185,180,201,223,221,228,236,267,247,258,281,292,297,307,281
0,0,0,0,0,0,0,0,0,0,0,0,0,0,0,0,0,0,1,0,3,0,2,1,8,3,8,8,22,36,41,53,43,68,65,103,115,91,116,133,138,134,145,157,168,186,179,201,220,219,230,236,267,244,256,280,290,294,304,279
0,0,0,0,0,0,0,0,0,0,0,0,1,0,0,0,0,0,1,0,1,0,0,0,7,2,6,7,23,36,41,52,47,67,65,103,115,92,117,133,139,134,145,160,171,186,180,202,222,220,228,237,270,248,257,279,291,296,304,281
0,0,0,0,0,0,0,0,0,0,0,0,0,0,0,0,0,0,0,0,1,4,1,3,8,1,6,6,27,35,40,51,45,68,63,100,113,92,115,133,138,135,145,157,169,188,179,200,220,218,227,234,268,246,255,278,291,294,301,279
0,0,0,0,0,0,0,0,0,0,0,0,0,0,1,0,0,0,2,0,1,6,3,1,6,0,5,8,26,34,42,51,47,67,63,101,115,94,115,133,136,135,145,159,172,186,179,202,223,221,226,237,270,248,256,277,292,295,304,280
0,0,0,0,0,0,0,0,0,0,0,0,0,0,1,0,1,0,2,2,1,5,3,4,8,1,5,8,27,34,39,50,45,67,62,98,113,92,114,133,139,137,144,159,172,185,179,200,222,219,227,234,268,247,253,277,291,293,302,280
0,0,0,0,0,0,0,0,0,0,0,0,0,0,0,0,0,0,1,0,0,4,1,5,8,1,4,7,25,33,42,49,46,66,65,100,113,95,116,132,138,138,145,162,171,186,180,200,223,222,227,235,269,248,255,279,294,295,303,283
0,0,0,0,0,0,0,0,0,0,0,0,0,0,0,0,0,0,2,0,0,3,1,5,7,2,5,6,26,31,39,49,43,69,64,103,112,93,114,133,140,136,149,161,173,185,180,197,221,220,227,232,266,249,256,281,292,292,301,281
0,0,0,0,0,0,0,0,0,0,0,0,0,0,0,0,0,0,2,1,2,2,0,6,7,1,4,6,26,32,39,47,46,67,65,104,112,94,115,133,139,137,150,161,174,183,180,198,222,221,226,233,269,251,258,283,292,294,304,282
0,0,0,0,0,0,0,0,0,0,0,0,0,0,0,0,0,1,0,0,2,1,1,5,7,2,3,6,26,30,38,49,46,68,63,102,109,92,116,132,142,137,151,159,172,185,177,195,219,221,227,230,269,249,256,282,292,293,304,280
0,0,0,0,0,0,0,0,0,0,0,1,0,0,0,0,0,0,2,0,4,1,2,3,6,0,3,4,27,32,41,48,49,67,64,103,109,96,116,133,142,138,152,162,172,183,179,198,222,222,226,234,270,252,258,283,295,293,306,282
0,0,0,0,0,0,0,0,0,0,0,0,0,0,0,0,0,3,1,0,3,0,0,4,7,0,4,3,29,30,38,48,47,66,61,101,107,94,114,134,142,137,152,164,170,185,176,195,221,220,225,233,268,250,258,284,295,293,305,279
0,0,0,0,0,0,0,0,0,0,0,0,0,0,0,0,0,2,1,0,1,0,2,5,7,0,5,4,28,30,40,47,49,66,62,101,107,95,114,134,141,137,151,164,170,186,176,195,223,221,224,234,270,251,259,283,296,295,307,280
0,0,0,0,0,0,0,0,0,0,0,0,0,0,0,0,0,3,0,0,2,0,0,4,7,1,5,4,29,29,37,46,46,67,61,100,106,93,112,135,140,137,150,161,169,186,174,193,224,220,226,232,269,251,259,282,294,295,306,279
0,0,0,0,0,0,0,0,0,0,0,0,0,0,0,0,2,1,0,1,1,0,0,3,6,0,3,4,27,30,38,45,46,68,63,101,107,94,112,136,138,139,152,164,169,188,176,194,228,222,226,233,270,252,260,281,295,295,307,281
0,0,0,0,0,0,0,0,0,0,0,0,0,0,0,0,3,2,0,0,1,0,0,2,7,0,3,3,29,29,36,46,45,68,63,99,107,92,112,135,137,138,150,162,170,189,176,192,227,219,227,232,268,250,259,283,292,293,307,280
0,0,0,0,0,0,0,0,0,0,0,0,0,0,0,0,0,2,0,0,1,1,0,1,6,0,6,4,28,29,38,46,46,68,63,100,107,92,114,136,138,139,149,164,170,189,178,194,230,221,228,233,268,253,260,283,294,294,308,282
0,0,0,0,0,0,0,0,0,0,0,0,0,0,0,0,0,3,0,0,1,1,0,1,6,5,5,5,27,31,36,46,44,68,63,101,105,89,114,136,142,138,149,162,168,188,177,191,228,221,228,231,266,252,259,283,293,291,307,280
0,0,0,0,0,0,0,0,0,0,0,0,0,2,0,0,0,1,0,3,0,1,1,2,6,4,5,5,27,31,39,44,48,67,64,101,105,90,114,135,142,138,148,162,170,187,178,193,230,223,227,235,268,255,261,283,294,292,307,282
0,0,0,0,0,0,0,0,0,0,0,0,0,0,0,0,0,3,0,3,0,3,4,3,5,5,4,4,27,33,38,44,47,66,63,99,103,89,112,136,142,139,147,159,169,188,176,193,228,220,227,233,265,253,259,282,291,289,305,281
0,0,0,0,0,0,0,0,0,0,0,0,0,0,0,0,0,0,0,0,0,3,4,1,3,4,4,2,26,33,38,48,48,64,64,101,106,91,112,138,141,141,147,159,169,189,178,195,231,224,226,237,265,256,260,281,292,290,307,284
0,0,0,0,0,0,0,0,0,0,0,0,0,0,0,0,0,1,0,2,0,5,4,1,3,7,6,2,28,31,36,48,46,64,61,99,103,89,115,137,141,141,147,157,170,188,175,196,231,222,226,236,263,254,259,281,290,290,304,282
0,0,0,0,0,0,0,0,0,0,0,0,0,0,0,1,0,0,0,1,2,3,3,1,1,5,4,1,29,30,37,46,47,64,63,100,108,90,116,138,139,140,147,158,171,187,176,196,232,226,225,237,264,256,262,281,295,290,305,286
0,0,0,0,0,0,0,0,0,0,0,0,0,0,0,0,1,0,0,2,1,4,5,1,1,5,3,2,29,33,35,45,46,64,61,99,106,87,116,138,140,140,146,157,171,188,174,193,231,224,224,234,263,255,263,281,292,289,303,284
0,0,0,0,0,0,0,0,0,0,0,0,0,0,0,0,1,0,0,0,0,4,2,0,0,4,2,1,29,35,36,45,49,63,62,102,111,92,119,138,138,140,147,160,172,187,175,194,234,227,224,235,264,257,264,281,296,291,305,285
0,0,0,0,0,0,0,0,0,0,0,0,0,0,0,0,0,0,0,0,0,3,4,3,0,6,4,1,31,34,33,45,47,64,60,100,108,92,119,141,140,140,146,158,171,190,173,192,233,227,226,233,263,258,264,282,294,290,304,282
0,0,0,0,0,0,0,0,0,0,0,0,0,0,0,0,0,0,2,0,0,3,1,2,0,3,5,0,32,33,36,44,49,64,63,101,110,92,120,142,139,140,146,161,171,190,174,192,233,228,225,233,267,259,265,281,294,290,305,285
0,0,0,0,0,0,0,0,0,0,0,0,0,0,0,0,0,0,2,0,0,4,1,2,0,4,4,2,32,34,36,44,47,63,62,98,108,90,119,140,138,140,146,161,171,191,173,191,230,225,224,231,266,256,263,281,292,289,304,284
0,0,0,0,0,0,0,0,0,0,0,0,0,0,0,0,1,0,2,0,1,2,0,2,0,2,2,2,31,35,37,44,49,63,63,100,109,90,120,139,138,139,149,163,170,189,174,193,232,226,224,232,266,258,265,280,294,290,305,284
0,0,0,0,0,0,0,0,0,0,0,2,0,0,0,0,1,1,5,0,2,2,0,1,0,2,5,5,33,33,36,45,48,66,61,97,107,90,119,137,141,139,149,162,170,188,173,190,230,224,223,230,264,255,262,280,293,289,304,284
0,0,0,0,0,0,0,0,0,0,0,0,0,0,0,2,0,2,7,1,0,0,3,2,0,1,4,4,33,33,37,44,49,64,61,99,109,91,120,139,139,138,150,162,170,188,174,190,232,226,222,231,266,256,263,280,296,290,305,284
0,0,0,0,0,0,0,0,0,0,0,0,0,0,0,0,2,0,8,1,2,2,3,1,0,3,6,5,32,33,36,44,46,64,61,97,108,89,119,137,141,136,150,161,171,188,175,187,230,223,223,228,264,255,262,280,296,287,303,284
0,0,0,0,0,0,0,0,0,0,0,0,0,0,0,1,1,2,7,1,3,0,1,3,0,1,4,7,30,33,36,42,47,63,61,99,110,90,118,139,140,135,150,162,174,186,176,192,231,224,227,232,266,256,264,283,298,290,304,285
0,0,0,0,0,0,0,0,0,0,0,0,0,0,0,0,0,0,7,0,4,0,3,1,0,1,3,5,32,33,35,42,45,65,58,96,109,89,118,137,140,135,149,159,174,185,178,190,229,222,227,230,264,255,264,285,295,288,301,282
